Afghanistan,10 to 14,1821
Afghanistan,15 to 19,4220
Afghanistan,20 to 24,5336
Afghanistan,25 to 29,5905
Afghanistan,30 to 34,6412
Afghanistan,35 to 39,7002
Afghanistan,40 to 44,7342
Afghanistan,45 to 49,7285
Afghanistan,50 to 54,7218
Afghanistan,55 to 59,7245
Afghanistan,60 to 64,7219
Afghanistan,65 to 69,7067
Afghanistan,70 to 74,6829
Afghanistan,75 to 79,6546
Afghanistan,80 plus,5070
Afghanistan,All Ages,3601
Albania,10 to 14,1573
Albania,15 to 19,4054
Albania,20 to 24,5470
Albania,25 to 29,5652
Albania,30 to 34,5832
Albania,35 to 39,6189
Albania,40 to 44,6464
Albania,45 to 49,6558
Albania,50 to 54,6747
Albania,55 to 59,6925
Albania,60 to 64,7101
Albania,65 to 69,7046
Albania,70 to 74,6907
Albania,75 to 79,6723
Albania,80 plus,4978
Albania,All Ages,5112
Algeria,10 to 14,1855
Algeria,15 to 19,4325
Algeria,20 to 24,5482
Algeria,25 to 29,6025
Algeria,30 to 34,6502
Algeria,35 to 39,7089
Algeria,40 to 44,7423
Algeria,45 to 49,7352
Algeria,50 to 54,7340
Algeria,55 to 59,7350
Algeria,60 to 64,7308
Algeria,65 to 69,7168
Algeria,70 to 74,6889
Algeria,75 to 79,6570
Algeria,80 plus,5043
Algeria,All Ages,4771
American Samoa,10 to 14,1384
American Samoa,15 to 19,3429
American Samoa,20 to 24,4463
American Samoa,25 to 29,4680
American Samoa,30 to 34,4950
American Samoa,35 to 39,5416
American Samoa,40 to 44,5822
American Samoa,45 to 49,6054
American Samoa,50 to 54,6312
American Samoa,55 to 59,6602
American Samoa,60 to 64,6833
American Samoa,65 to 69,6851
American Samoa,70 to 74,6701
American Samoa,75 to 79,6560
American Samoa,80 plus,4946
American Samoa,All Ages,3401
Andorra,10 to 14,1963
Andorra,15 to 19,5016
Andorra,20 to 24,6741
Andorra,25 to 29,7110
Andorra,30 to 34,7224
Andorra,35 to 39,7257
Andorra,40 to 44,7136
Andorra,45 to 49,6889
Andorra,50 to 54,6760
Andorra,55 to 59,6706
Andorra,60 to 64,6720
Andorra,65 to 69,6792
Andorra,70 to 74,6747
Andorra,75 to 79,6590
Andorra,80 plus,5160
Andorra,All Ages,5786
Angola,10 to 14,1966
Angola,15 to 19,5023
Angola,20 to 24,6625
Angola,25 to 29,6832
Angola,30 to 34,7077
Angola,35 to 39,7515
Angola,40 to 44,7779
Angola,45 to 49,7883
Angola,50 to 54,8001
Angola,55 to 59,8142
Angola,60 to 64,8314
Angola,65 to 69,8320
Angola,70 to 74,8159
Angola,75 to 79,7967
Angola,80 plus,6011
Angola,All Ages,3881
Antigua and Barbuda,10 to 14,1837
Antigua and Barbuda,15 to 19,5014
Antigua and Barbuda,20 to 24,6877
Antigua and Barbuda,25 to 29,7024
Antigua and Barbuda,30 to 34,7115
Antigua and Barbuda,35 to 39,7267
Antigua and Barbuda,40 to 44,7337
Antigua and Barbuda,45 to 49,7407
Antigua and Barbuda,50 to 54,7485
Antigua and Barbuda,55 to 59,7611
Antigua and Barbuda,60 to 64,7694
Antigua and Barbuda,65 to 69,7560
Antigua and Barbuda,70 to 74,7305
Antigua and Barbuda,75 to 79,6992
Antigua and Barbuda,80 plus,5378
Antigua and Barbuda,All Ages,5532
Argentina,10 to 14,1906
Argentina,15 to 19,4983
Argentina,20 to 24,6670
Argentina,25 to 29,6610
Argentina,30 to 34,6544
Argentina,35 to 39,6680
Argentina,40 to 44,6711
Argentina,45 to 49,6562
Argentina,50 to 54,6511
Argentina,55 to 59,6484
Argentina,60 to 64,6537
Argentina,65 to 69,6538
Argentina,70 to 74,6381
Argentina,75 to 79,6173
Argentina,80 plus,4764
Argentina,All Ages,4959
Armenia,10 to 14,1638
Armenia,15 to 19,4236
Armenia,20 to 24,5640
Armenia,25 to 29,5874
Armenia,30 to 34,6077
Armenia,35 to 39,6371
Armenia,40 to 44,6595
Armenia,45 to 49,6776
Armenia,50 to 54,7012
Armenia,55 to 59,7234
Armenia,60 to 64,7457
Armenia,65 to 69,7429
Armenia,70 to 74,7313
Armenia,75 to 79,7142
Armenia,80 plus,5297
Armenia,All Ages,5440
Australia,10 to 14,2335
Australia,15 to 19,6168
Australia,20 to 24,8477
Australia,25 to 29,8116
Australia,30 to 34,7837
Australia,35 to 39,7957
Australia,40 to 44,7947
Australia,45 to 49,7685
Australia,50 to 54,7485
Australia,55 to 59,7315
Australia,60 to 64,7234
Australia,65 to 69,7096
Australia,70 to 74,6800
Australia,75 to 79,6503
Australia,80 plus,5019
Australia,All Ages,6262
Austria,10 to 14,1895
Austria,15 to 19,4779
Austria,20 to 24,6498
Austria,25 to 29,6772
Austria,30 to 34,6886
Austria,35 to 39,6983
Austria,40 to 44,6928
Austria,45 to 49,6712
Austria,50 to 54,6614
Austria,55 to 59,6559
Austria,60 to 64,6660
Austria,65 to 69,6744
Austria,70 to 74,6682
Austria,75 to 79,6560
Austria,80 plus,5132
Austria,All Ages,5716
Azerbaijan,10 to 14,1623
Azerbaijan,15 to 19,4173
Azerbaijan,20 to 24,5541
Azerbaijan,25 to 29,5777
Azerbaijan,30 to 34,5959
Azerbaijan,35 to 39,6302
Azerbaijan,40 to 44,6537
Azerbaijan,45 to 49,6725
Azerbaijan,50 to 54,6960
Azerbaijan,55 to 59,7215
Azerbaijan,60 to 64,7434
Azerbaijan,65 to 69,7410
Azerbaijan,70 to 74,7318
Azerbaijan,75 to 79,7114
Azerbaijan,80 plus,5290
Azerbaijan,All Ages,5044
Bahrain,10 to 14,1904
Bahrain,15 to 19,4383
Bahrain,20 to 24,5575
Bahrain,25 to 29,6044
Bahrain,30 to 34,6541
Bahrain,35 to 39,7177
Bahrain,40 to 44,7529
Bahrain,45 to 49,7439
Bahrain,50 to 54,7367
Bahrain,55 to 59,7304
Bahrain,60 to 64,7282
Bahrain,65 to 69,7118
Bahrain,70 to 74,6868
Bahrain,75 to 79,6566
Bahrain,80 plus,5094
Bahrain,All Ages,4931
Bangladesh,10 to 14,1454
Bangladesh,15 to 19,3814
Bangladesh,20 to 24,5271
Bangladesh,25 to 29,5686
Bangladesh,30 to 34,6039
Bangladesh,35 to 39,6445
Bangladesh,40 to 44,6670
Bangladesh,45 to 49,6742
Bangladesh,50 to 54,6896
Bangladesh,55 to 59,7142
Bangladesh,60 to 64,7379
Bangladesh,65 to 69,7400
Bangladesh,70 to 74,7190
Bangladesh,75 to 79,6928
Bangladesh,80 plus,5200
Bangladesh,All Ages,4366
Barbados,10 to 14,1804
Barbados,15 to 19,4971
Barbados,20 to 24,6865
Barbados,25 to 29,6988
Barbados,30 to 34,7055
Barbados,35 to 39,7236
Barbados,40 to 44,7310
Barbados,45 to 49,7379
Barbados,50 to 54,7481
Barbados,55 to 59,7596
Barbados,60 to 64,7709
Barbados,65 to 69,7579
Barbados,70 to 74,7316
Barbados,75 to 79,7035
Barbados,80 plus,5438
Barbados,All Ages,5889
Belarus,10 to 14,1762
Belarus,15 to 19,4315
Belarus,20 to 24,5525
Belarus,25 to 29,5972
Belarus,30 to 34,6320
Belarus,35 to 39,6622
Belarus,40 to 44,6999
Belarus,45 to 49,7480
Belarus,50 to 54,8000
Belarus,55 to 59,8507
Belarus,60 to 64,8948
Belarus,65 to 69,9053
Belarus,70 to 74,8969
Belarus,75 to 79,8818
Belarus,80 plus,6101
Belarus,All Ages,6359
Belgium,10 to 14,2025
Belgium,15 to 19,4744
Belgium,20 to 24,6240
Belgium,25 to 29,6480
Belgium,30 to 34,6521
Belgium,35 to 39,6599
Belgium,40 to 44,6546
Belgium,45 to 49,6398
Belgium,50 to 54,6301
Belgium,55 to 59,6262
Belgium,60 to 64,6309
Belgium,65 to 69,6418
Belgium,70 to 74,6381
Belgium,75 to 79,6268
Belgium,80 plus,4942
Belgium,All Ages,5313
Belize,10 to 14,1796
Belize,15 to 19,4892
Belize,20 to 24,6723
Belize,25 to 29,6819
Belize,30 to 34,6887
Belize,35 to 39,7087
Belize,40 to 44,7209
Belize,45 to 49,7287
Belize,50 to 54,7388
Belize,55 to 59,7548
Belize,60 to 64,7612
Belize,65 to 69,7488
Belize,70 to 74,7243
Belize,75 to 79,6986
Belize,80 plus,5348
Belize,All Ages,4783
Benin,10 to 14,2121
Benin,15 to 19,5370
Benin,20 to 24,6977
Benin,25 to 29,7250
Benin,30 to 34,7537
Benin,35 to 39,8157
Benin,40 to 44,8475
Benin,45 to 49,8442
Benin,50 to 54,8455
Benin,55 to 59,8496
Benin,60 to 64,8617
Benin,65 to 69,8704
Benin,70 to 74,8613
Benin,75 to 79,8494
Benin,80 plus,6388
Benin,All Ages,4582
Bermuda,10 to 14,1882
Bermuda,15 to 19,5077
Bermuda,20 to 24,6886
Bermuda,25 to 29,7084
Bermuda,30 to 34,7182
Bermuda,35 to 39,7293
Bermuda,40 to 44,7339
Bermuda,45 to 49,7409
Bermuda,50 to 54,7500
Bermuda,55 to 59,7646
Bermuda,60 to 64,7721
Bermuda,65 to 69,7622
Bermuda,70 to 74,7361
Bermuda,75 to 79,7087
Bermuda,80 plus,5399
Bermuda,All Ages,5589
Bhutan,10 to 14,1430
Bhutan,15 to 19,3757
Bhutan,20 to 24,5182
Bhutan,25 to 29,5576
Bhutan,30 to 34,5902
Bhutan,35 to 39,6274
Bhutan,40 to 44,6452
Bhutan,45 to 49,6573
Bhutan,50 to 54,6742
Bhutan,55 to 59,7015
Bhutan,60 to 64,7295
Bhutan,65 to 69,7331
Bhutan,70 to 74,7162
Bhutan,75 to 79,6847
Bhutan,80 plus,5117
Bhutan,All Ages,4266
Bolivia,10 to 14,1771
Bolivia,15 to 19,4832
Bolivia,20 to 24,6704
Bolivia,25 to 29,6867
Bolivia,30 to 34,6940
Bolivia,35 to 39,7107
Bolivia,40 to 44,7270
Bolivia,45 to 49,7346
Bolivia,50 to 54,7456
Bolivia,55 to 59,7624
Bolivia,60 to 64,7776
Bolivia,65 to 69,7638
Bolivia,70 to 74,7370
Bolivia,75 to 79,7029
Bolivia,80 plus,5461
Bolivia,All Ages,4785
Bosnia and Herzegovina,10 to 14,1568
Bosnia and Herzegovina,15 to 19,4077
Bosnia and Herzegovina,20 to 24,5441
Bosnia and Herzegovina,25 to 29,5629
Bosnia and Herzegovina,30 to 34,5822
Bosnia and Herzegovina,35 to 39,6207
Bosnia and Herzegovina,40 to 44,6472
Bosnia and Herzegovina,45 to 49,6596
Bosnia and Herzegovina,50 to 54,6770
Bosnia and Herzegovina,55 to 59,6939
Bosnia and Herzegovina,60 to 64,7086
Bosnia and Herzegovina,65 to 69,7076
Bosnia and Herzegovina,70 to 74,6917
Bosnia and Herzegovina,75 to 79,6771
Bosnia and Herzegovina,80 plus,5018
Bosnia and Herzegovina,All Ages,5488
Botswana,10 to 14,1899
Botswana,15 to 19,4872
Botswana,20 to 24,6438
Botswana,25 to 29,6701
Botswana,30 to 34,7027
Botswana,35 to 39,7608
Botswana,40 to 44,7927
Botswana,45 to 49,7903
Botswana,50 to 54,7867
Botswana,55 to 59,7873
Botswana,60 to 64,7955
Botswana,65 to 69,8014
Botswana,70 to 74,7917
Botswana,75 to 79,7742
Botswana,80 plus,5839
Botswana,All Ages,4947
Brazil,10 to 14,1978
Brazil,15 to 19,5929
Brazil,20 to 24,8529
Brazil,25 to 29,8776
Brazil,30 to 34,8896
Brazil,35 to 39,9112
Brazil,40 to 44,9197
Brazil,45 to 49,9170
Brazil,50 to 54,9198
Brazil,55 to 59,9243
Brazil,60 to 64,9229
Brazil,65 to 69,8977
Brazil,70 to 74,8626
Brazil,75 to 79,8227
Brazil,80 plus,6341
Brazil,All Ages,6856
Brunei,10 to 14,1633
Brunei,15 to 19,4228
Brunei,20 to 24,5616
Brunei,25 to 29,5471
Brunei,30 to 34,5307
Brunei,35 to 39,5322
Brunei,40 to 44,5309
Brunei,45 to 49,5238
Brunei,50 to 54,5256
Brunei,55 to 59,5332
Brunei,60 to 64,5406
Brunei,65 to 69,5446
Brunei,70 to 74,5397
Brunei,75 to 79,5270
Brunei,80 plus,4079
Brunei,All Ages,4166
Bulgaria,10 to 14,1604
Bulgaria,15 to 19,4111
Bulgaria,20 to 24,5494
Bulgaria,25 to 29,5720
Bulgaria,30 to 34,5864
Bulgaria,35 to 39,6213
Bulgaria,40 to 44,6468
Bulgaria,45 to 49,6595
Bulgaria,50 to 54,6700
Bulgaria,55 to 59,6909
Bulgaria,60 to 64,7040
Bulgaria,65 to 69,7043
Bulgaria,70 to 74,6932
Bulgaria,75 to 79,6840
Bulgaria,80 plus,5056
Bulgaria,All Ages,5593
Burkina Faso,10 to 14,2109
Burkina Faso,15 to 19,5289
Burkina Faso,20 to 24,6887
Burkina Faso,25 to 29,7222
Burkina Faso,30 to 34,7549
Burkina Faso,35 to 39,8067
Burkina Faso,40 to 44,8389
Burkina Faso,45 to 49,8377
Burkina Faso,50 to 54,8450
Burkina Faso,55 to 59,8546
Burkina Faso,60 to 64,8689
Burkina Faso,65 to 69,8716
Burkina Faso,70 to 74,8615
Burkina Faso,75 to 79,8446
Burkina Faso,80 plus,6354
Burkina Faso,All Ages,4332
Burundi,10 to 14,1996
Burundi,15 to 19,5096
Burundi,20 to 24,6698
Burundi,25 to 29,6850
Burundi,30 to 34,7039
Burundi,35 to 39,7546
Burundi,40 to 44,7848
Burundi,45 to 49,7947
Burundi,50 to 54,8096
Burundi,55 to 59,8321
Burundi,60 to 64,8497
Burundi,65 to 69,8512
Burundi,70 to 74,8360
Burundi,75 to 79,8142
Burundi,80 plus,6092
Burundi,All Ages,4110
Cambodia,10 to 14,1258
Cambodia,15 to 19,3227
Cambodia,20 to 24,4342
Cambodia,25 to 29,4708
Cambodia,30 to 34,5102
Cambodia,35 to 39,5538
Cambodia,40 to 44,5889
Cambodia,45 to 49,6172
Cambodia,50 to 54,6449
Cambodia,55 to 59,6755
Cambodia,60 to 64,6961
Cambodia,65 to 69,6878
Cambodia,70 to 74,6668
Cambodia,75 to 79,6383
Cambodia,80 plus,4862
Cambodia,All Ages,3757
Cameroon,10 to 14,2154
Cameroon,15 to 19,5392
Cameroon,20 to 24,7003
Cameroon,25 to 29,7398
Cameroon,30 to 34,7755
Cameroon,35 to 39,8289
Cameroon,40 to 44,8587
Cameroon,45 to 49,8587
Cameroon,50 to 54,8666
Cameroon,55 to 59,8780
Cameroon,60 to 64,8905
Cameroon,65 to 69,8935
Cameroon,70 to 74,8816
Cameroon,75 to 79,8673
Cameroon,80 plus,6531
Cameroon,All Ages,4593
Canada,10 to 14,1941
Canada,15 to 19,5189
Canada,20 to 24,6846
Canada,25 to 29,6377
Canada,30 to 34,6036
Canada,35 to 39,6184
Canada,40 to 44,6173
Canada,45 to 49,5995
Canada,50 to 54,5868
Canada,55 to 59,5766
Canada,60 to 64,5770
Canada,65 to 69,5737
Canada,70 to 74,5630
Canada,75 to 79,5420
Canada,80 plus,4101
Canada,All Ages,5099
Cape Verde,10 to 14,2164
Cape Verde,15 to 19,5595
Cape Verde,20 to 24,7341
Cape Verde,25 to 29,7633
Cape Verde,30 to 34,7961
Cape Verde,35 to 39,8457
Cape Verde,40 to 44,8771
Cape Verde,45 to 49,8686
Cape Verde,50 to 54,8721
Cape Verde,55 to 59,8772
Cape Verde,60 to 64,8870
Cape Verde,65 to 69,8829
Cape Verde,70 to 74,8679
Cape Verde,75 to 79,8506
Cape Verde,80 plus,6383
Cape Verde,All Ages,5736
Central African Republic,10 to 14,1974
Central African Republic,15 to 19,5053
Central African Republic,20 to 24,6597
Central African Republic,25 to 29,6850
Central African Republic,30 to 34,7062
Central African Republic,35 to 39,7522
Central African Republic,40 to 44,7770
Central African Republic,45 to 49,7822
Central African Republic,50 to 54,7953
Central African Republic,55 to 59,8039
Central African Republic,60 to 64,8228
Central African Republic,65 to 69,8248
Central African Republic,70 to 74,8110
Central African Republic,75 to 79,7950
Central African Republic,80 plus,6011
Central African Republic,All Ages,4503
Chad,10 to 14,2121
Chad,15 to 19,5348
Chad,20 to 24,6923
Chad,25 to 29,7201
Chad,30 to 34,7530
Chad,35 to 39,8145
Chad,40 to 44,8482
Chad,45 to 49,8484
Chad,50 to 54,8493
Chad,55 to 59,8567
Chad,60 to 64,8708
Chad,65 to 69,8804
Chad,70 to 74,8736
Chad,75 to 79,8593
Chad,80 plus,6429
Chad,All Ages,4122
Chile,10 to 14,1961
Chile,15 to 19,5093
Chile,20 to 24,6770
Chile,25 to 29,6710
Chile,30 to 34,6590
Chile,35 to 39,6694
Chile,40 to 44,6713
Chile,45 to 49,6589
Chile,50 to 54,6530
Chile,55 to 59,6543
Chile,60 to 64,6583
Chile,65 to 69,6542
Chile,70 to 74,6376
Chile,75 to 79,6195
Chile,80 plus,4745
Chile,All Ages,5293
China,10 to 14,1197
China,15 to 19,3021
China,20 to 24,3929
China,25 to 29,4158
China,30 to 34,4548
China,35 to 39,5234
China,40 to 44,5872
China,45 to 49,6344
China,50 to 54,6758
China,55 to 59,7190
China,60 to 64,7522
China,65 to 69,7529
China,70 to 74,7425
China,75 to 79,7274
China,80 plus,5533
China,All Ages,4779
Colombia,10 to 14,1693
Colombia,15 to 19,4692
Colombia,20 to 24,6515
Colombia,25 to 29,6752
Colombia,30 to 34,6795
Colombia,35 to 39,6740
Colombia,40 to 44,6774
Colombia,45 to 49,6928
Colombia,50 to 54,7152
Colombia,55 to 59,7447
Colombia,60 to 64,7553
Colombia,65 to 69,7439
Colombia,70 to 74,7184
Colombia,75 to 79,6853
Colombia,80 plus,5252
Colombia,All Ages,5243
Comoros,10 to 14,2008
Comoros,15 to 19,5111
Comoros,20 to 24,6649
Comoros,25 to 29,6770
Comoros,30 to 34,6991
Comoros,35 to 39,7452
Comoros,40 to 44,7756
Comoros,45 to 49,7820
Comoros,50 to 54,7945
Comoros,55 to 59,8105
Comoros,60 to 64,8297
Comoros,65 to 69,8296
Comoros,70 to 74,8145
Comoros,75 to 79,7943
Comoros,80 plus,5967
Comoros,All Ages,4403
Congo,10 to 14,1986
Congo,15 to 19,5031
Congo,20 to 24,6526
Congo,25 to 29,6784
Congo,30 to 34,7022
Congo,35 to 39,7488
Congo,40 to 44,7737
Congo,45 to 49,7837
Congo,50 to 54,7966
Congo,55 to 59,8098
Congo,60 to 64,8257
Congo,65 to 69,8274
Congo,70 to 74,8139
Congo,75 to 79,7984
Congo,80 plus,5978
Congo,All Ages,4246
Costa Rica,10 to 14,1656
Costa Rica,15 to 19,4629
Costa Rica,20 to 24,6433
Costa Rica,25 to 29,6595
Costa Rica,30 to 34,6585
Costa Rica,35 to 39,6511
Costa Rica,40 to 44,6511
Costa Rica,45 to 49,6712
Costa Rica,50 to 54,6958
Costa Rica,55 to 59,7219
Costa Rica,60 to 64,7377
Costa Rica,65 to 69,7197
Costa Rica,70 to 74,6951
Costa Rica,75 to 79,6658
Costa Rica,80 plus,5029
Costa Rica,All Ages,5194
Cote d'Ivoire,10 to 14,2120
Cote d'Ivoire,15 to 19,5340
Cote d'Ivoire,20 to 24,6919
Cote d'Ivoire,25 to 29,7190
Cote d'Ivoire,30 to 34,7533
Cote d'Ivoire,35 to 39,8128
Cote d'Ivoire,40 to 44,8500
Cote d'Ivoire,45 to 49,8461
Cote d'Ivoire,50 to 54,8491
Cote d'Ivoire,55 to 59,8549
Cote d'Ivoire,60 to 64,8685
Cote d'Ivoire,65 to 69,8715
Cote d'Ivoire,70 to 74,8660
Cote d'Ivoire,75 to 79,8553
Cote d'Ivoire,80 plus,6418
Cote d'Ivoire,All Ages,4470
Croatia,10 to 14,1599
Croatia,15 to 19,4127
Croatia,20 to 24,5510
Croatia,25 to 29,5708
Croatia,30 to 34,5923
Croatia,35 to 39,6236
Croatia,40 to 44,6460
Croatia,45 to 49,6574
Croatia,50 to 54,6719
Croatia,55 to 59,6919
Croatia,60 to 64,7063
Croatia,65 to 69,7079
Croatia,70 to 74,6951
Croatia,75 to 79,6820
Croatia,80 plus,5039
Croatia,All Ages,5458
Cuba,10 to 14,1836
Cuba,15 to 19,5027
Cuba,20 to 24,6886
Cuba,25 to 29,7097
Cuba,30 to 34,7156
Cuba,35 to 39,7346
Cuba,40 to 44,7453
Cuba,45 to 49,7479
Cuba,50 to 54,7527
Cuba,55 to 59,7666
Cuba,60 to 64,7738
Cuba,65 to 69,7611
Cuba,70 to 74,7379
Cuba,75 to 79,7040
Cuba,80 plus,5405
Cuba,All Ages,6098
Cyprus,10 to 14,1870
Cyprus,15 to 19,4735
Cyprus,20 to 24,6432
Cyprus,25 to 29,6773
Cyprus,30 to 34,6882
Cyprus,35 to 39,7006
Cyprus,40 to 44,6960
Cyprus,45 to 49,6762
Cyprus,50 to 54,6674
Cyprus,55 to 59,6619
Cyprus,60 to 64,6667
Cyprus,65 to 69,6692
Cyprus,70 to 74,6635
Cyprus,75 to 79,6451
Cyprus,80 plus,5105
Cyprus,All Ages,5728
Czech Republic,10 to 14,1630
Czech Republic,15 to 19,4212
Czech Republic,20 to 24,5610
Czech Republic,25 to 29,5781
Czech Republic,30 to 34,5949
Czech Republic,35 to 39,6302
Czech Republic,40 to 44,6501
Czech Republic,45 to 49,6601
Czech Republic,50 to 54,6760
Czech Republic,55 to 59,6946
Czech Republic,60 to 64,7102
Czech Republic,65 to 69,7084
Czech Republic,70 to 74,6992
Czech Republic,75 to 79,6826
Czech Republic,80 plus,5072
Czech Republic,All Ages,5531
Democratic Republic of the Congo,10 to 14,1994
Democratic Republic of the Congo,15 to 19,5082
Democratic Republic of the Congo,20 to 24,6601
Democratic Republic of the Congo,25 to 29,6857
Democratic Republic of the Congo,30 to 34,7092
Democratic Republic of the Congo,35 to 39,7563
Democratic Republic of the Congo,40 to 44,7841
Democratic Republic of the Congo,45 to 49,7928
Democratic Republic of the Congo,50 to 54,8009
Democratic Republic of the Congo,55 to 59,8160
Democratic Republic of the Congo,60 to 64,8352
Democratic Republic of the Congo,65 to 69,8341
Democratic Republic of the Congo,70 to 74,8244
Democratic Republic of the Congo,75 to 79,8041
Democratic Republic of the Congo,80 plus,6023
Democratic Republic of the Congo,All Ages,4046
Denmark,10 to 14,1899
Denmark,15 to 19,4843
Denmark,20 to 24,6587
Denmark,25 to 29,6893
Denmark,30 to 34,7001
Denmark,35 to 39,7048
Denmark,40 to 44,6962
Denmark,45 to 49,6748
Denmark,50 to 54,6637
Denmark,55 to 59,6607
Denmark,60 to 64,6655
Denmark,65 to 69,6734
Denmark,70 to 74,6702
Denmark,75 to 79,6592
Denmark,80 plus,5203
Denmark,All Ages,5587
Djibouti,10 to 14,2027
Djibouti,15 to 19,5288
Djibouti,20 to 24,6988
Djibouti,25 to 29,7035
Djibouti,30 to 34,7177
Djibouti,35 to 39,7679
Djibouti,40 to 44,7985
Djibouti,45 to 49,8059
Djibouti,50 to 54,8196
Djibouti,55 to 59,8389
Djibouti,60 to 64,8573
Djibouti,65 to 69,8575
Djibouti,70 to 74,8379
Djibouti,75 to 79,8149
Djibouti,80 plus,6120
Djibouti,All Ages,5116
Dominica,10 to 14,1805
Dominica,15 to 19,4987
Dominica,20 to 24,6853
Dominica,25 to 29,6995
Dominica,30 to 34,7089
Dominica,35 to 39,7250
Dominica,40 to 44,7346
Dominica,45 to 49,7390
Dominica,50 to 54,7501
Dominica,55 to 59,7641
Dominica,60 to 64,7727
Dominica,65 to 69,7600
Dominica,70 to 74,7342
Dominica,75 to 79,7045
Dominica,80 plus,5383
Dominica,All Ages,5440
Dominican Republic,10 to 14,1817
Dominican Republic,15 to 19,4939
Dominican Republic,20 to 24,6788
Dominican Republic,25 to 29,6963
Dominican Republic,30 to 34,7046
Dominican Republic,35 to 39,7249
Dominican Republic,40 to 44,7374
Dominican Republic,45 to 49,7397
Dominican Republic,50 to 54,7500
Dominican Republic,55 to 59,7616
Dominican Republic,60 to 64,7716
Dominican Republic,65 to 69,7596
Dominican Republic,70 to 74,7342
Dominican Republic,75 to 79,7076
Dominican Republic,80 plus,5404
Dominican Republic,All Ages,5058
Ecuador,10 to 14,1796
Ecuador,15 to 19,4887
Ecuador,20 to 24,6683
Ecuador,25 to 29,6891
Ecuador,30 to 34,7038
Ecuador,35 to 39,7174
Ecuador,40 to 44,7273
Ecuador,45 to 49,7381
Ecuador,50 to 54,7485
Ecuador,55 to 59,7619
Ecuador,60 to 64,7748
Ecuador,65 to 69,7613
Ecuador,70 to 74,7306
Ecuador,75 to 79,6990
Ecuador,80 plus,5423
Ecuador,All Ages,5080
Egypt,10 to 14,1550
Egypt,15 to 19,3612
Egypt,20 to 24,4594
Egypt,25 to 29,5069
Egypt,30 to 34,5470
Egypt,35 to 39,5958
Egypt,40 to 44,6196
Egypt,45 to 49,6162
Egypt,50 to 54,6168
Egypt,55 to 59,6214
Egypt,60 to 64,6229
Egypt,65 to 69,6104
Egypt,70 to 74,5856
Egypt,75 to 79,5612
Egypt,80 plus,4305
Egypt,All Ages,3792
El Salvador,10 to 14,1620
El Salvador,15 to 19,4426
El Salvador,20 to 24,6143
El Salvador,25 to 29,6401
El Salvador,30 to 34,6455
El Salvador,35 to 39,6396
El Salvador,40 to 44,6412
El Salvador,45 to 49,6578
El Salvador,50 to 54,6809
El Salvador,55 to 59,7035
El Salvador,60 to 64,7204
El Salvador,65 to 69,7099
El Salvador,70 to 74,6868
El Salvador,75 to 79,6616
El Salvador,80 plus,5050
El Salvador,All Ages,4835
Equatorial Guinea,10 to 14,1979
Equatorial Guinea,15 to 19,5027
Equatorial Guinea,20 to 24,6551
Equatorial Guinea,25 to 29,6801
Equatorial Guinea,30 to 34,7002
Equatorial Guinea,35 to 39,7477
Equatorial Guinea,40 to 44,7765
Equatorial Guinea,45 to 49,7812
Equatorial Guinea,50 to 54,7938
Equatorial Guinea,55 to 59,8089
Equatorial Guinea,60 to 64,8220
Equatorial Guinea,65 to 69,8260
Equatorial Guinea,70 to 74,8146
Equatorial Guinea,75 to 79,7970
Equatorial Guinea,80 plus,6014
Equatorial Guinea,All Ages,4418
Eritrea,10 to 14,2025
Eritrea,15 to 19,5242
Eritrea,20 to 24,6910
Eritrea,25 to 29,6925
Eritrea,30 to 34,7085
Eritrea,35 to 39,7591
Eritrea,40 to 44,7901
Eritrea,45 to 49,8006
Eritrea,50 to 54,8138
Eritrea,55 to 59,8318
Eritrea,60 to 64,8545
Eritrea,65 to 69,8549
Eritrea,70 to 74,8391
Eritrea,75 to 79,8197
Eritrea,80 plus,6120
Eritrea,All Ages,4366
Estonia,10 to 14,1965
Estonia,15 to 19,4757
Estonia,20 to 24,6076
Estonia,25 to 29,6636
Estonia,30 to 34,7005
Estonia,35 to 39,7328
Estonia,40 to 44,7662
Estonia,45 to 49,8099
Estonia,50 to 54,8613
Estonia,55 to 59,9160
Estonia,60 to 64,9594
Estonia,65 to 69,9727
Estonia,70 to 74,9727
Estonia,75 to 79,9688
Estonia,80 plus,6673
Estonia,All Ages,6939
Ethiopia,10 to 14,2153
Ethiopia,15 to 19,5482
Ethiopia,20 to 24,7136
Ethiopia,25 to 29,7245
Ethiopia,30 to 34,7406
Ethiopia,35 to 39,7897
Ethiopia,40 to 44,8242
Ethiopia,45 to 49,8354
Ethiopia,50 to 54,8517
Ethiopia,55 to 59,8760
Ethiopia,60 to 64,8931
Ethiopia,65 to 69,8959
Ethiopia,70 to 74,8775
Ethiopia,75 to 79,8529
Ethiopia,80 plus,6368
Ethiopia,All Ages,4642
Federated States of Micronesia,10 to 14,1342
Federated States of Micronesia,15 to 19,3396
Federated States of Micronesia,20 to 24,4433
Federated States of Micronesia,25 to 29,4638
Federated States of Micronesia,30 to 34,4900
Federated States of Micronesia,35 to 39,5310
Federated States of Micronesia,40 to 44,5680
Federated States of Micronesia,45 to 49,5959
Federated States of Micronesia,50 to 54,6286
Federated States of Micronesia,55 to 59,6609
Federated States of Micronesia,60 to 64,6818
Federated States of Micronesia,65 to 69,6853
Federated States of Micronesia,70 to 74,6737
Federated States of Micronesia,75 to 79,6512
Federated States of Micronesia,80 plus,4906
Federated States of Micronesia,All Ages,3478
Fiji,10 to 14,1355
Fiji,15 to 19,3389
Fiji,20 to 24,4391
Fiji,25 to 29,4567
Fiji,30 to 34,4865
Fiji,35 to 39,5349
Fiji,40 to 44,5737
Fiji,45 to 49,5983
Fiji,50 to 54,6291
Fiji,55 to 59,6617
Fiji,60 to 64,6857
Fiji,65 to 69,6869
Fiji,70 to 74,6699
Fiji,75 to 79,6525
Fiji,80 plus,4904
Fiji,All Ages,3925
Finland,10 to 14,2344
Finland,15 to 19,5437
Finland,20 to 24,7139
Finland,25 to 29,7379
Finland,30 to 34,7484
Finland,35 to 39,7609
Finland,40 to 44,7551
Finland,45 to 49,7304
Finland,50 to 54,7203
Finland,55 to 59,7142
Finland,60 to 64,7210
Finland,65 to 69,7317
Finland,70 to 74,7255
Finland,75 to 79,7147
Finland,80 plus,5607
Finland,All Ages,6125
France,10 to 14,2131
France,15 to 19,4972
France,20 to 24,6614
France,25 to 29,6836
France,30 to 34,6846
France,35 to 39,6930
France,40 to 44,6917
France,45 to 49,6729
France,50 to 54,6664
France,55 to 59,6629
France,60 to 64,6705
France,65 to 69,6702
France,70 to 74,6658
France,75 to 79,6533
France,80 plus,5145
France,All Ages,5503
Gabon,10 to 14,1974
Gabon,15 to 19,5033
Gabon,20 to 24,6641
Gabon,25 to 29,6861
Gabon,30 to 34,7122
Gabon,35 to 39,7554
Gabon,40 to 44,7800
Gabon,45 to 49,7827
Gabon,50 to 54,7944
Gabon,55 to 59,8051
Gabon,60 to 64,8207
Gabon,65 to 69,8213
Gabon,70 to 74,8088
Gabon,75 to 79,7921
Gabon,80 plus,5961
Gabon,All Ages,4620
Georgia,10 to 14,1617
Georgia,15 to 19,4161
Georgia,20 to 24,5558
Georgia,25 to 29,5790
Georgia,30 to 34,5981
Georgia,35 to 39,6307
Georgia,40 to 44,6537
Georgia,45 to 49,6723
Georgia,50 to 54,6905
Georgia,55 to 59,7166
Georgia,60 to 64,7362
Georgia,65 to 69,7377
Georgia,70 to 74,7286
Georgia,75 to 79,7126
Georgia,80 plus,5238
Georgia,All Ages,5427
Germany,10 to 14,2078
Germany,15 to 19,5001
Germany,20 to 24,6813
Germany,25 to 29,7152
Germany,30 to 34,7241
Germany,35 to 39,7223
Germany,40 to 44,7095
Germany,45 to 49,6888
Germany,50 to 54,6768
Germany,55 to 59,6715
Germany,60 to 64,6768
Germany,65 to 69,6824
Germany,70 to 74,6767
Germany,75 to 79,6625
Germany,80 plus,5180
Germany,All Ages,5959
Ghana,10 to 14,2179
Ghana,15 to 19,5430
Ghana,20 to 24,6990
Ghana,25 to 29,7289
Ghana,30 to 34,7664
Ghana,35 to 39,8252
Ghana,40 to 44,8547
Ghana,45 to 49,8486
Ghana,50 to 54,8508
Ghana,55 to 59,8519
Ghana,60 to 64,8650
Ghana,65 to 69,8704
Ghana,70 to 74,8585
Ghana,75 to 79,8458
Ghana,80 plus,6356
Ghana,All Ages,4930
Greece,10 to 14,2369
Greece,15 to 19,5534
Greece,20 to 24,7401
Greece,25 to 29,7882
Greece,30 to 34,8013
Greece,35 to 39,7841
Greece,40 to 44,7626
Greece,45 to 49,7464
Greece,50 to 54,7395
Greece,55 to 59,7382
Greece,60 to 64,7433
Greece,65 to 69,7444
Greece,70 to 74,7378
Greece,75 to 79,7217
Greece,80 plus,5687
Greece,All Ages,6418
Greenland,10 to 14,2080
Greenland,15 to 19,5297
Greenland,20 to 24,6803
Greenland,25 to 29,6465
Greenland,30 to 34,6236
Greenland,35 to 39,6490
Greenland,40 to 44,6550
Greenland,45 to 49,6378
Greenland,50 to 54,6289
Greenland,55 to 59,6184
Greenland,60 to 64,6217
Greenland,65 to 69,6195
Greenland,70 to 74,6073
Greenland,75 to 79,5937
Greenland,80 plus,4515
Greenland,All Ages,4595
Grenada,10 to 14,1820
Grenada,15 to 19,4943
Grenada,20 to 24,6720
Grenada,25 to 29,6858
Grenada,30 to 34,6930
Grenada,35 to 39,7170
Grenada,40 to 44,7280
Grenada,45 to 49,7339
Grenada,50 to 54,7421
Grenada,55 to 59,7536
Grenada,60 to 64,7634
Grenada,65 to 69,7490
Grenada,70 to 74,7280
Grenada,75 to 79,6998
Grenada,80 plus,5357
Grenada,All Ages,5192
Guam,10 to 14,1367
Guam,15 to 19,3442
Guam,20 to 24,4509
Guam,25 to 29,4746
Guam,30 to 34,5014
Guam,35 to 39,5482
Guam,40 to 44,5846
Guam,45 to 49,6084
Guam,50 to 54,6329
Guam,55 to 59,6629
Guam,60 to 64,6853
Guam,65 to 69,6855
Guam,70 to 74,6716
Guam,75 to 79,6496
Guam,80 plus,4916
Guam,All Ages,4219
Guatemala,10 to 14,1594
Guatemala,15 to 19,4391
Guatemala,20 to 24,6093
Guatemala,25 to 29,6287
Guatemala,30 to 34,6339
Guatemala,35 to 39,6313
Guatemala,40 to 44,6343
Guatemala,45 to 49,6526
Guatemala,50 to 54,6757
Guatemala,55 to 59,7026
Guatemala,60 to 64,7220
Guatemala,65 to 69,7089
Guatemala,70 to 74,6824
Guatemala,75 to 79,6507
Guatemala,80 plus,4979
Guatemala,All Ages,4136
Guinea,10 to 14,2113
Guinea,15 to 19,5368
Guinea,20 to 24,6960
Guinea,25 to 29,7273
Guinea,30 to 34,7606
Guinea,35 to 39,8215
Guinea,40 to 44,8538
Guinea,45 to 49,8503
Guinea,50 to 54,8512
Guinea,55 to 59,8583
Guinea,60 to 64,8688
Guinea,65 to 69,8752
Guinea,70 to 74,8689
Guinea,75 to 79,8558
Guinea,80 plus,6428
Guinea,All Ages,4571
Guinea-Bissau,10 to 14,2151
Guinea-Bissau,15 to 19,5370
Guinea-Bissau,20 to 24,6911
Guinea-Bissau,25 to 29,7252
Guinea-Bissau,30 to 34,7617
Guinea-Bissau,35 to 39,8151
Guinea-Bissau,40 to 44,8482
Guinea-Bissau,45 to 49,8481
Guinea-Bissau,50 to 54,8515
Guinea-Bissau,55 to 59,8646
Guinea-Bissau,60 to 64,8726
Guinea-Bissau,65 to 69,8804
Guinea-Bissau,70 to 74,8693
Guinea-Bissau,75 to 79,8560
Guinea-Bissau,80 plus,6408
Guinea-Bissau,All Ages,4684
Guyana,10 to 14,1802
Guyana,15 to 19,4849
Guyana,20 to 24,6617
Guyana,25 to 29,6777
Guyana,30 to 34,6865
Guyana,35 to 39,7109
Guyana,40 to 44,7241
Guyana,45 to 49,7299
Guyana,50 to 54,7409
Guyana,55 to 59,7573
Guyana,60 to 64,7641
Guyana,65 to 69,7553
Guyana,70 to 74,7328
Guyana,75 to 79,7021
Guyana,80 plus,5380
Guyana,All Ages,5011
Haiti,10 to 14,1794
Haiti,15 to 19,4802
Haiti,20 to 24,6511
Haiti,25 to 29,6694
Haiti,30 to 34,6800
Haiti,35 to 39,7119
Haiti,40 to 44,7277
Haiti,45 to 49,7357
Haiti,50 to 54,7474
Haiti,55 to 59,7610
Haiti,60 to 64,7684
Haiti,65 to 69,7570
Haiti,70 to 74,7347
Haiti,75 to 79,7025
Haiti,80 plus,5423
Haiti,All Ages,4686
Honduras,10 to 14,1641
Honduras,15 to 19,4461
Honduras,20 to 24,6107
Honduras,25 to 29,6319
Honduras,30 to 34,6407
Honduras,35 to 39,6337
Honduras,40 to 44,6345
Honduras,45 to 49,6498
Honduras,50 to 54,6735
Honduras,55 to 59,7039
Honduras,60 to 64,7194
Honduras,65 to 69,7068
Honduras,70 to 74,6842
Honduras,75 to 79,6539
Honduras,80 plus,4981
Honduras,All Ages,4387
Hungary,10 to 14,1600
Hungary,15 to 19,4118
Hungary,20 to 24,5510
Hungary,25 to 29,5674
Hungary,30 to 34,5846
Hungary,35 to 39,6148
Hungary,40 to 44,6392
Hungary,45 to 49,6539
Hungary,50 to 54,6682
Hungary,55 to 59,6870
Hungary,60 to 64,7003
Hungary,65 to 69,7003
Hungary,70 to 74,6894
Hungary,75 to 79,6725
Hungary,80 plus,5001
Hungary,All Ages,5476
Iceland,10 to 14,1809
Iceland,15 to 19,4298
Iceland,20 to 24,5715
Iceland,25 to 29,5974
Iceland,30 to 34,6031
Iceland,35 to 39,6064
Iceland,40 to 44,5978
Iceland,45 to 49,5859
Iceland,50 to 54,5820
Iceland,55 to 59,5836
Iceland,60 to 64,5939
Iceland,65 to 69,5990
Iceland,70 to 74,5917
Iceland,75 to 79,5768
Iceland,80 plus,4544
Iceland,All Ages,4728
India,10 to 14,1490
India,15 to 19,4147
India,20 to 24,5950
India,25 to 29,6498
India,30 to 34,6909
India,35 to 39,7335
India,40 to 44,7587
India,45 to 49,7661
India,50 to 54,7851
India,55 to 59,8136
India,60 to 64,8418
India,65 to 69,8419
India,70 to 74,8201
India,75 to 79,7875
India,80 plus,5918
India,All Ages,5051
Indonesia,10 to 14,1274
Indonesia,15 to 19,3261
Indonesia,20 to 24,4397
Indonesia,25 to 29,4747
Indonesia,30 to 34,5105
Indonesia,35 to 39,5535
Indonesia,40 to 44,5901
Indonesia,45 to 49,6175
Indonesia,50 to 54,6421
Indonesia,55 to 59,6794
Indonesia,60 to 64,6987
Indonesia,65 to 69,6901
Indonesia,70 to 74,6676
Indonesia,75 to 79,6349
Indonesia,80 plus,4818
Indonesia,All Ages,4035
Iran,10 to 14,1876
Iran,15 to 19,4370
Iran,20 to 24,5576
Iran,25 to 29,6106
Iran,30 to 34,6634
Iran,35 to 39,7259
Iran,40 to 44,7592
Iran,45 to 49,7520
Iran,50 to 54,7483
Iran,55 to 59,7469
Iran,60 to 64,7436
Iran,65 to 69,7220
Iran,70 to 74,6905
Iran,75 to 79,6588
Iran,80 plus,5111
Iran,All Ages,5194
Iraq,10 to 14,1961
Iraq,15 to 19,4536
Iraq,20 to 24,5739
Iraq,25 to 29,6283
Iraq,30 to 34,6778
Iraq,35 to 39,7439
Iraq,40 to 44,7817
Iraq,45 to 49,7741
Iraq,50 to 54,7674
Iraq,55 to 59,7674
Iraq,60 to 64,7636
Iraq,65 to 69,7467
Iraq,70 to 74,7180
Iraq,75 to 79,6873
Iraq,80 plus,5285
Iraq,All Ages,4136
Ireland,10 to 14,2046
Ireland,15 to 19,4854
Ireland,20 to 24,6433
Ireland,25 to 29,6638
Ireland,30 to 34,6702
Ireland,35 to 39,6726
Ireland,40 to 44,6663
Ireland,45 to 49,6534
Ireland,50 to 54,6467
Ireland,55 to 59,6475
Ireland,60 to 64,6548
Ireland,65 to 69,6571
Ireland,70 to 74,6522
Ireland,75 to 79,6382
Ireland,80 plus,5033
Ireland,All Ages,5245
Israel,10 to 14,2199
Israel,15 to 19,5129
Israel,20 to 24,6800
Israel,25 to 29,7043
Israel,30 to 34,7175
Israel,35 to 39,7202
Israel,40 to 44,7135
Israel,45 to 49,6911
Israel,50 to 54,6838
Israel,55 to 59,6779
Israel,60 to 64,6842
Israel,65 to 69,6885
Israel,70 to 74,6838
Israel,75 to 79,6686
Israel,80 plus,5297
Israel,All Ages,5107
Italy,10 to 14,2160
Italy,15 to 19,5051
Italy,20 to 24,6693
Italy,25 to 29,6968
Italy,30 to 34,7041
Italy,35 to 39,7101
Italy,40 to 44,6987
Italy,45 to 49,6826
Italy,50 to 54,6746
Italy,55 to 59,6733
Italy,60 to 64,6756
Italy,65 to 69,6819
Italy,70 to 74,6731
Italy,75 to 79,6603
Italy,80 plus,5226
Italy,All Ages,5868
Jamaica,10 to 14,1838
Jamaica,15 to 19,4975
Jamaica,20 to 24,6806
Jamaica,25 to 29,6979
Jamaica,30 to 34,7105
Jamaica,35 to 39,7264
Jamaica,40 to 44,7352
Jamaica,45 to 49,7416
Jamaica,50 to 54,7534
Jamaica,55 to 59,7697
Jamaica,60 to 64,7794
Jamaica,65 to 69,7647
Jamaica,70 to 74,7391
Jamaica,75 to 79,7083
Jamaica,80 plus,5431
Jamaica,All Ages,5419
Japan,10 to 14,1430
Japan,15 to 19,3903
Japan,20 to 24,5362
Japan,25 to 29,5410
Japan,30 to 34,5324
Japan,35 to 39,5260
Japan,40 to 44,5166
Japan,45 to 49,5133
Japan,50 to 54,5166
Japan,55 to 59,5238
Japan,60 to 64,5326
Japan,65 to 69,5340
Japan,70 to 74,5268
Japan,75 to 79,5159
Japan,80 plus,4019
Japan,All Ages,4513
Jordan,10 to 14,1868
Jordan,15 to 19,4347
Jordan,20 to 24,5500
Jordan,25 to 29,6015
Jordan,30 to 34,6503
Jordan,35 to 39,7077
Jordan,40 to 44,7386
Jordan,45 to 49,7322
Jordan,50 to 54,7272
Jordan,55 to 59,7284
Jordan,60 to 64,7249
Jordan,65 to 69,7092
Jordan,70 to 74,6843
Jordan,75 to 79,6516
Jordan,80 plus,5004
Jordan,All Ages,4269
Kazakhstan,10 to 14,1625
Kazakhstan,15 to 19,4171
Kazakhstan,20 to 24,5533
Kazakhstan,25 to 29,5734
Kazakhstan,30 to 34,5944
Kazakhstan,35 to 39,6285
Kazakhstan,40 to 44,6534
Kazakhstan,45 to 49,6689
Kazakhstan,50 to 54,6927
Kazakhstan,55 to 59,7192
Kazakhstan,60 to 64,7394
Kazakhstan,65 to 69,7375
Kazakhstan,70 to 74,7269
Kazakhstan,75 to 79,7098
Kazakhstan,80 plus,5289
Kazakhstan,All Ages,4804
Kenya,10 to 14,1841
Kenya,15 to 19,5069
Kenya,20 to 24,6990
Kenya,25 to 29,7283
Kenya,30 to 34,7557
Kenya,35 to 39,8011
Kenya,40 to 44,8310
Kenya,45 to 49,8423
Kenya,50 to 54,8595
Kenya,55 to 59,8814
Kenya,60 to 64,9011
Kenya,65 to 69,8997
Kenya,70 to 74,8843
Kenya,75 to 79,8636
Kenya,80 plus,6451
Kenya,All Ages,4513
Kiribati,10 to 14,1361
Kiribati,15 to 19,3420
Kiribati,20 to 24,4402
Kiribati,25 to 29,4613
Kiribati,30 to 34,4927
Kiribati,35 to 39,5409
Kiribati,40 to 44,5802
Kiribati,45 to 49,6057
Kiribati,50 to 54,6346
Kiribati,55 to 59,6628
Kiribati,60 to 64,6834
Kiribati,65 to 69,6828
Kiribati,70 to 74,6681
Kiribati,75 to 79,6537
Kiribati,80 plus,4908
Kiribati,All Ages,3553
Kuwait,10 to 14,1922
Kuwait,15 to 19,4485
Kuwait,20 to 24,5718
Kuwait,25 to 29,6221
Kuwait,30 to 34,6730
Kuwait,35 to 39,7331
Kuwait,40 to 44,7647
Kuwait,45 to 49,7567
Kuwait,50 to 54,7471
Kuwait,55 to 59,7419
Kuwait,60 to 64,7368
Kuwait,65 to 69,7161
Kuwait,70 to 74,6898
Kuwait,75 to 79,6572
Kuwait,80 plus,5077
Kuwait,All Ages,5151
Kyrgyzstan,10 to 14,1633
Kyrgyzstan,15 to 19,4181
Kyrgyzstan,20 to 24,5597
Kyrgyzstan,25 to 29,5841
Kyrgyzstan,30 to 34,6099
Kyrgyzstan,35 to 39,6419
Kyrgyzstan,40 to 44,6695
Kyrgyzstan,45 to 49,6841
Kyrgyzstan,50 to 54,7034
Kyrgyzstan,55 to 59,7268
Kyrgyzstan,60 to 64,7496
Kyrgyzstan,65 to 69,7491
Kyrgyzstan,70 to 74,7395
Kyrgyzstan,75 to 79,7263
Kyrgyzstan,80 plus,5335
Kyrgyzstan,All Ages,4464
Laos,10 to 14,1271
Laos,15 to 19,3245
Laos,20 to 24,4366
Laos,25 to 29,4718
Laos,30 to 34,5088
Laos,35 to 39,5549
Laos,40 to 44,5922
Laos,45 to 49,6172
Laos,50 to 54,6476
Laos,55 to 59,6804
Laos,60 to 64,7011
Laos,65 to 69,6943
Laos,70 to 74,6706
Laos,75 to 79,6437
Laos,80 plus,4847
Laos,All Ages,3516
Latvia,10 to 14,1411
Latvia,15 to 19,3388
Latvia,20 to 24,4389
Latvia,25 to 29,4951
Latvia,30 to 34,5310
Latvia,35 to 39,5558
Latvia,40 to 44,5781
Latvia,45 to 49,6159
Latvia,50 to 54,6579
Latvia,55 to 59,7064
Latvia,60 to 64,7439
Latvia,65 to 69,7501
Latvia,70 to 74,7414
Latvia,75 to 79,7297
Latvia,80 plus,5139
Latvia,All Ages,5336
Lebanon,10 to 14,1862
Lebanon,15 to 19,4390
Lebanon,20 to 24,5571
Lebanon,25 to 29,6092
Lebanon,30 to 34,6598
Lebanon,35 to 39,7214
Lebanon,40 to 44,7536
Lebanon,45 to 49,7444
Lebanon,50 to 54,7378
Lebanon,55 to 59,7356
Lebanon,60 to 64,7304
Lebanon,65 to 69,7155
Lebanon,70 to 74,6913
Lebanon,75 to 79,6652
Lebanon,80 plus,5093
Lebanon,All Ages,5108
Lesotho,10 to 14,1956
Lesotho,15 to 19,5067
Lesotho,20 to 24,6753
Lesotho,25 to 29,7022
Lesotho,30 to 34,7356
Lesotho,35 to 39,7927
Lesotho,40 to 44,8228
Lesotho,45 to 49,8264
Lesotho,50 to 54,8330
Lesotho,55 to 59,8357
Lesotho,60 to 64,8454
Lesotho,65 to 69,8415
Lesotho,70 to 74,8304
Lesotho,75 to 79,8081
Lesotho,80 plus,6074
Lesotho,All Ages,4837
Liberia,10 to 14,1898
Liberia,15 to 19,4815
Liberia,20 to 24,6290
Liberia,25 to 29,6612
Liberia,30 to 34,6949
Liberia,35 to 39,7442
Liberia,40 to 44,7741
Liberia,45 to 49,7754
Liberia,50 to 54,7840
Liberia,55 to 59,7929
Liberia,60 to 64,8048
Liberia,65 to 69,8097
Liberia,70 to 74,8001
Liberia,75 to 79,7827
Liberia,80 plus,5882
Liberia,All Ages,4194
Libya,10 to 14,1900
Libya,15 to 19,4365
Libya,20 to 24,5522
Libya,25 to 29,6044
Libya,30 to 34,6573
Libya,35 to 39,7221
Libya,40 to 44,7520
Libya,45 to 49,7415
Libya,50 to 54,7355
Libya,55 to 59,7286
Libya,60 to 64,7254
Libya,65 to 69,7134
Libya,70 to 74,6895
Libya,75 to 79,6624
Libya,80 plus,5095
Libya,All Ages,4780
Lithuania,10 to 14,1760
Lithuania,15 to 19,4282
Lithuania,20 to 24,5537
Lithuania,25 to 29,6010
Lithuania,30 to 34,6382
Lithuania,35 to 39,6664
Lithuania,40 to 44,6976
Lithuania,45 to 49,7441
Lithuania,50 to 54,7977
Lithuania,55 to 59,8508
Lithuania,60 to 64,8963
Lithuania,65 to 69,9009
Lithuania,70 to 74,8945
Lithuania,75 to 79,8846
Lithuania,80 plus,6123
Lithuania,All Ages,6424
Luxembourg,10 to 14,1932
Luxembourg,15 to 19,4881
Luxembourg,20 to 24,6617
Luxembourg,25 to 29,6910
Luxembourg,30 to 34,7017
Luxembourg,35 to 39,7136
Luxembourg,40 to 44,7071
Luxembourg,45 to 49,6895
Luxembourg,50 to 54,6793
Luxembourg,55 to 59,6745
Luxembourg,60 to 64,6797
Luxembourg,65 to 69,6833
Luxembourg,70 to 74,6759
Luxembourg,75 to 79,6616
Luxembourg,80 plus,5210
Luxembourg,All Ages,5671
Macedonia,10 to 14,1590
Macedonia,15 to 19,4114
Macedonia,20 to 24,5518
Macedonia,25 to 29,5745
Macedonia,30 to 34,5942
Macedonia,35 to 39,6258
Macedonia,40 to 44,6450
Macedonia,45 to 49,6578
Macedonia,50 to 54,6754
Macedonia,55 to 59,6893
Macedonia,60 to 64,7037
Macedonia,65 to 69,7040
Macedonia,70 to 74,6923
Macedonia,75 to 79,6754
Macedonia,80 plus,5026
Macedonia,All Ages,5282
Madagascar,10 to 14,2005
Madagascar,15 to 19,5186
Madagascar,20 to 24,6847
Madagascar,25 to 29,6973
Madagascar,30 to 34,7147
Madagascar,35 to 39,7618
Madagascar,40 to 44,7939
Madagascar,45 to 49,7999
Madagascar,50 to 54,8160
Madagascar,55 to 59,8358
Madagascar,60 to 64,8560
Madagascar,65 to 69,8557
Madagascar,70 to 74,8403
Madagascar,75 to 79,8164
Madagascar,80 plus,6104
Madagascar,All Ages,4432
Malawi,10 to 14,2010
Malawi,15 to 19,5100
Malawi,20 to 24,6660
Malawi,25 to 29,6738
Malawi,30 to 34,6926
Malawi,35 to 39,7420
Malawi,40 to 44,7746
Malawi,45 to 49,7858
Malawi,50 to 54,8048
Malawi,55 to 59,8299
Malawi,60 to 64,8476
Malawi,65 to 69,8478
Malawi,70 to 74,8304
Malawi,75 to 79,8079
Malawi,80 plus,6037
Malawi,All Ages,4062
Malaysia,10 to 14,1285
Malaysia,15 to 19,3344
Malaysia,20 to 24,4544
Malaysia,25 to 29,4915
Malaysia,30 to 34,5242
Malaysia,35 to 39,5646
Malaysia,40 to 44,6014
Malaysia,45 to 49,6237
Malaysia,50 to 54,6533
Malaysia,55 to 59,6825
Malaysia,60 to 64,7008
Malaysia,65 to 69,6908
Malaysia,70 to 74,6688
Malaysia,75 to 79,6385
Malaysia,80 plus,4857
Malaysia,All Ages,4223
Maldives,10 to 14,1262
Maldives,15 to 19,3302
Maldives,20 to 24,4473
Maldives,25 to 29,4829
Maldives,30 to 34,5186
Maldives,35 to 39,5599
Maldives,40 to 44,5973
Maldives,45 to 49,6214
Maldives,50 to 54,6489
Maldives,55 to 59,6764
Maldives,60 to 64,6997
Maldives,65 to 69,6893
Maldives,70 to 74,6710
Maldives,75 to 79,6497
Maldives,80 plus,4897
Maldives,All Ages,3987
Mali,10 to 14,2133
Mali,15 to 19,5364
Mali,20 to 24,6952
Mali,25 to 29,7227
Mali,30 to 34,7581
Mali,35 to 39,8163
Mali,40 to 44,8524
Mali,45 to 49,8493
Mali,50 to 54,8499
Mali,55 to 59,8570
Mali,60 to 64,8709
Mali,65 to 69,8769
Mali,70 to 74,8696
Mali,75 to 79,8581
Mali,80 plus,6440
Mali,All Ages,4201
Malta,10 to 14,1901
Malta,15 to 19,4796
Malta,20 to 24,6472
Malta,25 to 29,6795
Malta,30 to 34,6888
Malta,35 to 39,6991
Malta,40 to 44,6926
Malta,45 to 49,6740
Malta,50 to 54,6652
Malta,55 to 59,6629
Malta,60 to 64,6693
Malta,65 to 69,6751
Malta,70 to 74,6732
Malta,75 to 79,6550
Malta,80 plus,5159
Malta,All Ages,5698
Marshall Islands,10 to 14,1355
Marshall Islands,15 to 19,3397
Marshall Islands,20 to 24,4437
Marshall Islands,25 to 29,4596
Marshall Islands,30 to 34,4840
Marshall Islands,35 to 39,5322
Marshall Islands,40 to 44,5726
Marshall Islands,45 to 49,5995
Marshall Islands,50 to 54,6305
Marshall Islands,55 to 59,6602
Marshall Islands,60 to 64,6861
Marshall Islands,65 to 69,6852
Marshall Islands,70 to 74,6754
Marshall Islands,75 to 79,6523
Marshall Islands,80 plus,4900
Marshall Islands,All Ages,3458
Mauritania,10 to 14,2142
Mauritania,15 to 19,5378
Mauritania,20 to 24,6991
Mauritania,25 to 29,7298
Mauritania,30 to 34,7669
Mauritania,35 to 39,8256
Mauritania,40 to 44,8559
Mauritania,45 to 49,8515
Mauritania,50 to 54,8562
Mauritania,55 to 59,8624
Mauritania,60 to 64,8711
Mauritania,65 to 69,8781
Mauritania,70 to 74,8658
Mauritania,75 to 79,8504
Mauritania,80 plus,6408
Mauritania,All Ages,4780
Mauritius,10 to 14,1290
Mauritius,15 to 19,3370
Mauritius,20 to 24,4568
Mauritius,25 to 29,4853
Mauritius,30 to 34,5145
Mauritius,35 to 39,5628
Mauritius,40 to 44,6001
Mauritius,45 to 49,6236
Mauritius,50 to 54,6484
Mauritius,55 to 59,6772
Mauritius,60 to 64,6993
Mauritius,65 to 69,6902
Mauritius,70 to 74,6700
Mauritius,75 to 79,6449
Mauritius,80 plus,4862
Mauritius,All Ages,4684
Mexico,10 to 14,1378
Mexico,15 to 19,4029
Mexico,20 to 24,5892
Mexico,25 to 29,6275
Mexico,30 to 34,6386
Mexico,35 to 39,6287
Mexico,40 to 44,6244
Mexico,45 to 49,6395
Mexico,50 to 54,6614
Mexico,55 to 59,6875
Mexico,60 to 64,7046
Mexico,65 to 69,6946
Mexico,70 to 74,6721
Mexico,75 to 79,6447
Mexico,80 plus,4909
Mexico,All Ages,4564
Moldova,10 to 14,1753
Moldova,15 to 19,4315
Moldova,20 to 24,5584
Moldova,25 to 29,6077
Moldova,30 to 34,6386
Moldova,35 to 39,6638
Moldova,40 to 44,6923
Moldova,45 to 49,7335
Moldova,50 to 54,7867
Moldova,55 to 59,8418
Moldova,60 to 64,8867
Moldova,65 to 69,8944
Moldova,70 to 74,8905
Moldova,75 to 79,8787
Moldova,80 plus,6104
Moldova,All Ages,6102
Mongolia,10 to 14,1616
Mongolia,15 to 19,4087
Mongolia,20 to 24,5380
Mongolia,25 to 29,5673
Mongolia,30 to 34,5890
Mongolia,35 to 39,6243
Mongolia,40 to 44,6493
Mongolia,45 to 49,6663
Mongolia,50 to 54,6904
Mongolia,55 to 59,7209
Mongolia,60 to 64,7404
Mongolia,65 to 69,7431
Mongolia,70 to 74,7331
Mongolia,75 to 79,7175
Mongolia,80 plus,5270
Mongolia,All Ages,4510
Montenegro,10 to 14,1591
Montenegro,15 to 19,4082
Montenegro,20 to 24,5442
Montenegro,25 to 29,5694
Montenegro,30 to 34,5879
Montenegro,35 to 39,6195
Montenegro,40 to 44,6403
Montenegro,45 to 49,6531
Montenegro,50 to 54,6669
Montenegro,55 to 59,6846
Montenegro,60 to 64,7046
Montenegro,65 to 69,7044
Montenegro,70 to 74,6912
Montenegro,75 to 79,6731
Montenegro,80 plus,5023
Montenegro,All Ages,5172
Morocco,10 to 14,1877
Morocco,15 to 19,4318
Morocco,20 to 24,5442
Morocco,25 to 29,5952
Morocco,30 to 34,6446
Morocco,35 to 39,7070
Morocco,40 to 44,7405
Morocco,45 to 49,7358
Morocco,50 to 54,7296
Morocco,55 to 59,7287
Morocco,60 to 64,7259
Morocco,65 to 69,7138
Morocco,70 to 74,6919
Morocco,75 to 79,6641
Morocco,80 plus,5096
Morocco,All Ages,4900
Mozambique,10 to 14,2017
Mozambique,15 to 19,5171
Mozambique,20 to 24,6752
Mozambique,25 to 29,6839
Mozambique,30 to 34,7033
Mozambique,35 to 39,7541
Mozambique,40 to 44,7905
Mozambique,45 to 49,7982
Mozambique,50 to 54,8176
Mozambique,55 to 59,8415
Mozambique,60 to 64,8584
Mozambique,65 to 69,8593
Mozambique,70 to 74,8432
Mozambique,75 to 79,8187
Mozambique,80 plus,6120
Mozambique,All Ages,4208
Myanmar,10 to 14,1248
Myanmar,15 to 19,3216
Myanmar,20 to 24,4349
Myanmar,25 to 29,4708
Myanmar,30 to 34,5084
Myanmar,35 to 39,5513
Myanmar,40 to 44,5876
Myanmar,45 to 49,6145
Myanmar,50 to 54,6414
Myanmar,55 to 59,6748
Myanmar,60 to 64,6981
Myanmar,65 to 69,6892
Myanmar,70 to 74,6653
Myanmar,75 to 79,6389
Myanmar,80 plus,4860
Myanmar,All Ages,4037
Namibia,10 to 14,1887
Namibia,15 to 19,4889
Namibia,20 to 24,6487
Namibia,25 to 29,6710
Namibia,30 to 34,7014
Namibia,35 to 39,7629
Namibia,40 to 44,8006
Namibia,45 to 49,7965
Namibia,50 to 54,7960
Namibia,55 to 59,7989
Namibia,60 to 64,8025
Namibia,65 to 69,8025
Namibia,70 to 74,7884
Namibia,75 to 79,7635
Namibia,80 plus,5783
Namibia,All Ages,4691
Nepal,10 to 14,1134
Nepal,15 to 19,2939
Nepal,20 to 24,4075
Nepal,25 to 29,4387
Nepal,30 to 34,4620
Nepal,35 to 39,4858
Nepal,40 to 44,4986
Nepal,45 to 49,5133
Nepal,50 to 54,5371
Nepal,55 to 59,5673
Nepal,60 to 64,6006
Nepal,65 to 69,6056
Nepal,70 to 74,5897
Nepal,75 to 79,5619
Nepal,80 plus,4189
Nepal,All Ages,3299
Netherlands,10 to 14,1934
Netherlands,15 to 19,4646
Netherlands,20 to 24,6252
Netherlands,25 to 29,6436
Netherlands,30 to 34,6496
Netherlands,35 to 39,6570
Netherlands,40 to 44,6490
Netherlands,45 to 49,6371
Netherlands,50 to 54,6302
Netherlands,55 to 59,6291
Netherlands,60 to 64,6372
Netherlands,65 to 69,6446
Netherlands,70 to 74,6366
Netherlands,75 to 79,6199
Netherlands,80 plus,4868
Netherlands,All Ages,5287
New Zealand,10 to 14,2001
New Zealand,15 to 19,5422
New Zealand,20 to 24,7522
New Zealand,25 to 29,7266
New Zealand,30 to 34,7008
New Zealand,35 to 39,7035
New Zealand,40 to 44,6960
New Zealand,45 to 49,6742
New Zealand,50 to 54,6635
New Zealand,55 to 59,6522
New Zealand,60 to 64,6502
New Zealand,65 to 69,6414
New Zealand,70 to 74,6200
New Zealand,75 to 79,5969
New Zealand,80 plus,4679
New Zealand,All Ages,5513
Nicaragua,10 to 14,1573
Nicaragua,15 to 19,4395
Nicaragua,20 to 24,6111
Nicaragua,25 to 29,6358
Nicaragua,30 to 34,6385
Nicaragua,35 to 39,6292
Nicaragua,40 to 44,6286
Nicaragua,45 to 49,6503
Nicaragua,50 to 54,6753
Nicaragua,55 to 59,7043
Nicaragua,60 to 64,7206
Nicaragua,65 to 69,7101
Nicaragua,70 to 74,6811
Nicaragua,75 to 79,6501
Nicaragua,80 plus,4961
Nicaragua,All Ages,4546
Niger,10 to 14,2133
Niger,15 to 19,5386
Niger,20 to 24,6983
Niger,25 to 29,7234
Niger,30 to 34,7585
Niger,35 to 39,8166
Niger,40 to 44,8493
Niger,45 to 49,8465
Niger,50 to 54,8523
Niger,55 to 59,8573
Niger,60 to 64,8651
Niger,65 to 69,8708
Niger,70 to 74,8631
Niger,75 to 79,8485
Niger,80 plus,6384
Niger,All Ages,4001
Nigeria,10 to 14,2189
Nigeria,15 to 19,5502
Nigeria,20 to 24,7148
Nigeria,25 to 29,7490
Nigeria,30 to 34,7830
Nigeria,35 to 39,8433
Nigeria,40 to 44,8741
Nigeria,45 to 49,8721
Nigeria,50 to 54,8755
Nigeria,55 to 59,8787
Nigeria,60 to 64,8899
Nigeria,65 to 69,8993
Nigeria,70 to 74,8921
Nigeria,75 to 79,8801
Nigeria,80 plus,6601
Nigeria,All Ages,4581
North Korea,10 to 14,1269
North Korea,15 to 19,3031
North Korea,20 to 24,3729
North Korea,25 to 29,3905
North Korea,30 to 34,4215
North Korea,35 to 39,4775
North Korea,40 to 44,5314
North Korea,45 to 49,5700
North Korea,50 to 54,6078
North Korea,55 to 59,6447
North Korea,60 to 64,6767
North Korea,65 to 69,6808
North Korea,70 to 74,6688
North Korea,75 to 79,6544
North Korea,80 plus,4982
North Korea,All Ages,4168
Northern Mariana Islands,10 to 14,1389
Northern Mariana Islands,15 to 19,3497
Northern Mariana Islands,20 to 24,4536
Northern Mariana Islands,25 to 29,4707
Northern Mariana Islands,30 to 34,4944
Northern Mariana Islands,35 to 39,5466
Northern Mariana Islands,40 to 44,5863
Northern Mariana Islands,45 to 49,6072
Northern Mariana Islands,50 to 54,6311
Northern Mariana Islands,55 to 59,6558
Northern Mariana Islands,60 to 64,6805
Northern Mariana Islands,65 to 69,6817
Northern Mariana Islands,70 to 74,6703
Northern Mariana Islands,75 to 79,6527
Northern Mariana Islands,80 plus,4907
Northern Mariana Islands,All Ages,4115
Norway,10 to 14,1980
Norway,15 to 19,4666
Norway,20 to 24,6104
Norway,25 to 29,6315
Norway,30 to 34,6366
Norway,35 to 39,6492
Norway,40 to 44,6399
Norway,45 to 49,6236
Norway,50 to 54,6214
Norway,55 to 59,6204
Norway,60 to 64,6313
Norway,65 to 69,6399
Norway,70 to 74,6325
Norway,75 to 79,6222
Norway,80 plus,4908
Norway,All Ages,5154
Oman,10 to 14,1893
Oman,15 to 19,4384
Oman,20 to 24,5508
Oman,25 to 29,6034
Oman,30 to 34,6500
Oman,35 to 39,7151
Oman,40 to 44,7499
Oman,45 to 49,7387
Oman,50 to 54,7359
Oman,55 to 59,7331
Oman,60 to 64,7320
Oman,65 to 69,7149
Oman,70 to 74,6883
Oman,75 to 79,6546
Oman,80 plus,5085
Oman,All Ages,4593
Pakistan,10 to 14,1660
Pakistan,15 to 19,4366
Pakistan,20 to 24,6008
Pakistan,25 to 29,6462
Pakistan,30 to 34,6830
Pakistan,35 to 39,7310
Pakistan,40 to 44,7559
Pakistan,45 to 49,7604
Pakistan,50 to 54,7741
Pakistan,55 to 59,7957
Pakistan,60 to 64,8225
Pakistan,65 to 69,8262
Pakistan,70 to 74,8089
Pakistan,75 to 79,7837
Pakistan,80 plus,5944
Pakistan,All Ages,4531
Palestine,10 to 14,2206
Palestine,15 to 19,5044
Palestine,20 to 24,6314
Palestine,25 to 29,6923
Palestine,30 to 34,7494
Palestine,35 to 39,8265
Palestine,40 to 44,8635
Palestine,45 to 49,8496
Palestine,50 to 54,8379
Palestine,55 to 59,8267
Palestine,60 to 64,8178
Palestine,65 to 69,7989
Palestine,70 to 74,7732
Palestine,75 to 79,7423
Palestine,80 plus,5799
Palestine,All Ages,4533
Panama,10 to 14,1626
Panama,15 to 19,4455
Panama,20 to 24,6192
Panama,25 to 29,6451
Panama,30 to 34,6483
Panama,35 to 39,6403
Panama,40 to 44,6379
Panama,45 to 49,6583
Panama,50 to 54,6802
Panama,55 to 59,7077
Panama,60 to 64,7234
Panama,65 to 69,7103
Panama,70 to 74,6848
Panama,75 to 79,6550
Panama,80 plus,4985
Panama,All Ages,4765
Papua New Guinea,10 to 14,1353
Papua New Guinea,15 to 19,3377
Papua New Guinea,20 to 24,4385
Papua New Guinea,25 to 29,4595
Papua New Guinea,30 to 34,4885
Papua New Guinea,35 to 39,5384
Papua New Guinea,40 to 44,5748
Papua New Guinea,45 to 49,6055
Papua New Guinea,50 to 54,6279
Papua New Guinea,55 to 59,6588
Papua New Guinea,60 to 64,6850
Papua New Guinea,65 to 69,6844
Papua New Guinea,70 to 74,6695
Papua New Guinea,75 to 79,6485
Papua New Guinea,80 plus,4896
Papua New Guinea,All Ages,3374
Paraguay,10 to 14,2232
Paraguay,15 to 19,6176
Paraguay,20 to 24,8338
Paraguay,25 to 29,8436
Paraguay,30 to 34,8427
Paraguay,35 to 39,8492
Paraguay,40 to 44,8579
Paraguay,45 to 49,8670
Paraguay,50 to 54,8812
Paraguay,55 to 59,8984
Paraguay,60 to 64,9046
Paraguay,65 to 69,8750
Paraguay,70 to 74,8356
Paraguay,75 to 79,7907
Paraguay,80 plus,6139
Paraguay,All Ages,5934
Peru,10 to 14,1817
Peru,15 to 19,4957
Peru,20 to 24,6764
Peru,25 to 29,6969
Peru,30 to 34,7091
Peru,35 to 39,7278
Peru,40 to 44,7401
Peru,45 to 49,7435
Peru,50 to 54,7544
Peru,55 to 59,7686
Peru,60 to 64,7761
Peru,65 to 69,7615
Peru,70 to 74,7340
Peru,75 to 79,7055
Peru,80 plus,5427
Peru,All Ages,5218
Philippines,10 to 14,1257
Philippines,15 to 19,3253
Philippines,20 to 24,4422
Philippines,25 to 29,4794
Philippines,30 to 34,5122
Philippines,35 to 39,5519
Philippines,40 to 44,5882
Philippines,45 to 49,6147
Philippines,50 to 54,6396
Philippines,55 to 59,6726
Philippines,60 to 64,6946
Philippines,65 to 69,6860
Philippines,70 to 74,6657
Philippines,75 to 79,6373
Philippines,80 plus,4828
Philippines,All Ages,3744
Poland,10 to 14,1585
Poland,15 to 19,4102
Poland,20 to 24,5497
Poland,25 to 29,5711
Poland,30 to 34,5841
Poland,35 to 39,6099
Poland,40 to 44,6286
Poland,45 to 49,6462
Poland,50 to 54,6654
Poland,55 to 59,6881
Poland,60 to 64,7070
Poland,65 to 69,7064
Poland,70 to 74,6914
Poland,75 to 79,6763
Poland,80 plus,4994
Poland,All Ages,5449
Portugal,10 to 14,2254
Portugal,15 to 19,5304
Portugal,20 to 24,7099
Portugal,25 to 29,7302
Portugal,30 to 34,7383
Portugal,35 to 39,7529
Portugal,40 to 44,7546
Portugal,45 to 49,7380
Portugal,50 to 54,7267
Portugal,55 to 59,7259
Portugal,60 to 64,7323
Portugal,65 to 69,7373
Portugal,70 to 74,7284
Portugal,75 to 79,7099
Portugal,80 plus,5575
Portugal,All Ages,6250
Puerto Rico,10 to 14,1878
Puerto Rico,15 to 19,5103
Puerto Rico,20 to 24,6939
Puerto Rico,25 to 29,7031
Puerto Rico,30 to 34,7107
Puerto Rico,35 to 39,7311
Puerto Rico,40 to 44,7410
Puerto Rico,45 to 49,7454
Puerto Rico,50 to 54,7541
Puerto Rico,55 to 59,7644
Puerto Rico,60 to 64,7747
Puerto Rico,65 to 69,7604
Puerto Rico,70 to 74,7380
Puerto Rico,75 to 79,7074
Puerto Rico,80 plus,5428
Puerto Rico,All Ages,5943
Qatar,10 to 14,1907
Qatar,15 to 19,4390
Qatar,20 to 24,5588
Qatar,25 to 29,6086
Qatar,30 to 34,6595
Qatar,35 to 39,7141
Qatar,40 to 44,7464
Qatar,45 to 49,7349
Qatar,50 to 54,7285
Qatar,55 to 59,7225
Qatar,60 to 64,7212
Qatar,65 to 69,7105
Qatar,70 to 74,6862
Qatar,75 to 79,6660
Qatar,80 plus,5106
Qatar,All Ages,4990
Romania,10 to 14,1580
Romania,15 to 19,4085
Romania,20 to 24,5435
Romania,25 to 29,5624
Romania,30 to 34,5839
Romania,35 to 39,6136
Romania,40 to 44,6409
Romania,45 to 49,6528
Romania,50 to 54,6644
Romania,55 to 59,6850
Romania,60 to 64,6963
Romania,65 to 69,6958
Romania,70 to 74,6867
Romania,75 to 79,6731
Romania,80 plus,4971
Romania,All Ages,5377
Russia,10 to 14,1747
Russia,15 to 19,4259
Russia,20 to 24,5454
Russia,25 to 29,5922
Russia,30 to 34,6306
Russia,35 to 39,6645
Russia,40 to 44,7014
Russia,45 to 49,7435
Russia,50 to 54,7930
Russia,55 to 59,8457
Russia,60 to 64,8881
Russia,65 to 69,9003
Russia,70 to 74,8969
Russia,75 to 79,8866
Russia,80 plus,6113
Russia,All Ages,6309
Rwanda,10 to 14,1773
Rwanda,15 to 19,4562
Rwanda,20 to 24,5975
Rwanda,25 to 29,6096
Rwanda,30 to 34,6261
Rwanda,35 to 39,6705
Rwanda,40 to 44,6990
Rwanda,45 to 49,7081
Rwanda,50 to 54,7283
Rwanda,55 to 59,7518
Rwanda,60 to 64,7730
Rwanda,65 to 69,7666
Rwanda,70 to 74,7469
Rwanda,75 to 79,7246
Rwanda,80 plus,5449
Rwanda,All Ages,4023
Saint Lucia,10 to 14,1828
Saint Lucia,15 to 19,4980
Saint Lucia,20 to 24,6819
Saint Lucia,25 to 29,6986
Saint Lucia,30 to 34,7070
Saint Lucia,35 to 39,7236
Saint Lucia,40 to 44,7294
Saint Lucia,45 to 49,7338
Saint Lucia,50 to 54,7426
Saint Lucia,55 to 59,7542
Saint Lucia,60 to 64,7616
Saint Lucia,65 to 69,7510
Saint Lucia,70 to 74,7279
Saint Lucia,75 to 79,6967
Saint Lucia,80 plus,5384
Saint Lucia,All Ages,5511
Saint Vincent and the Grenadines,10 to 14,1828
Saint Vincent and the Grenadines,15 to 19,4970
Saint Vincent and the Grenadines,20 to 24,6776
Saint Vincent and the Grenadines,25 to 29,6854
Saint Vincent and the Grenadines,30 to 34,6936
Saint Vincent and the Grenadines,35 to 39,7163
Saint Vincent and the Grenadines,40 to 44,7282
Saint Vincent and the Grenadines,45 to 49,7336
Saint Vincent and the Grenadines,50 to 54,7441
Saint Vincent and the Grenadines,55 to 59,7571
Saint Vincent and the Grenadines,60 to 64,7663
Saint Vincent and the Grenadines,65 to 69,7551
Saint Vincent and the Grenadines,70 to 74,7324
Saint Vincent and the Grenadines,75 to 79,7003
Saint Vincent and the Grenadines,80 plus,5407
Saint Vincent and the Grenadines,All Ages,5343
Samoa,10 to 14,1369
Samoa,15 to 19,3435
Samoa,20 to 24,4463
Samoa,25 to 29,4696
Samoa,30 to 34,4947
Samoa,35 to 39,5413
Samoa,40 to 44,5788
Samoa,45 to 49,6056
Samoa,50 to 54,6325
Samoa,55 to 59,6637
Samoa,60 to 64,6865
Samoa,65 to 69,6839
Samoa,70 to 74,6659
Samoa,75 to 79,6462
Samoa,80 plus,4908
Samoa,All Ages,3437
Sao Tome and Principe,10 to 14,2147
Sao Tome and Principe,15 to 19,5455
Sao Tome and Principe,20 to 24,7126
Sao Tome and Principe,25 to 29,7443
Sao Tome and Principe,30 to 34,7801
Sao Tome and Principe,35 to 39,8313
Sao Tome and Principe,40 to 44,8597
Sao Tome and Principe,45 to 49,8591
Sao Tome and Principe,50 to 54,8624
Sao Tome and Principe,55 to 59,8679
Sao Tome and Principe,60 to 64,8756
Sao Tome and Principe,65 to 69,8816
Sao Tome and Principe,70 to 74,8713
Sao Tome and Principe,75 to 79,8590
Sao Tome and Principe,80 plus,6458
Sao Tome and Principe,All Ages,4636
Saudi Arabia,10 to 14,1695
Saudi Arabia,15 to 19,4317
Saudi Arabia,20 to 24,5815
Saudi Arabia,25 to 29,6453
Saudi Arabia,30 to 34,6986
Saudi Arabia,35 to 39,7613
Saudi Arabia,40 to 44,7902
Saudi Arabia,45 to 49,7793
Saudi Arabia,50 to 54,7708
Saudi Arabia,55 to 59,7637
Saudi Arabia,60 to 64,7588
Saudi Arabia,65 to 69,7422
Saudi Arabia,70 to 74,7172
Saudi Arabia,75 to 79,6883
Saudi Arabia,80 plus,5300
Saudi Arabia,All Ages,4757
Senegal,10 to 14,2131
Senegal,15 to 19,5398
Senegal,20 to 24,6999
Senegal,25 to 29,7319
Senegal,30 to 34,7661
Senegal,35 to 39,8164
Senegal,40 to 44,8446
Senegal,45 to 49,8466
Senegal,50 to 54,8497
Senegal,55 to 59,8589
Senegal,60 to 64,8675
Senegal,65 to 69,8764
Senegal,70 to 74,8673
Senegal,75 to 79,8543
Senegal,80 plus,6406
Senegal,All Ages,4558
Serbia,10 to 14,1588
Serbia,15 to 19,4148
Serbia,20 to 24,5549
Serbia,25 to 29,5723
Serbia,30 to 34,5873
Serbia,35 to 39,6201
Serbia,40 to 44,6462
Serbia,45 to 49,6546
Serbia,50 to 54,6693
Serbia,55 to 59,6880
Serbia,60 to 64,7017
Serbia,65 to 69,7008
Serbia,70 to 74,6905
Serbia,75 to 79,6750
Serbia,80 plus,5003
Serbia,All Ages,5346
Seychelles,10 to 14,1274
Seychelles,15 to 19,3334
Seychelles,20 to 24,4553
Seychelles,25 to 29,4896
Seychelles,30 to 34,5211
Seychelles,35 to 39,5630
Seychelles,40 to 44,5980
Seychelles,45 to 49,6225
Seychelles,50 to 54,6496
Seychelles,55 to 59,6819
Seychelles,60 to 64,7024
Seychelles,65 to 69,6926
Seychelles,70 to 74,6718
Seychelles,75 to 79,6405
Seychelles,80 plus,4850
Seychelles,All Ages,4388
Sierra Leone,10 to 14,2150
Sierra Leone,15 to 19,5384
Sierra Leone,20 to 24,6980
Sierra Leone,25 to 29,7311
Sierra Leone,30 to 34,7670
Sierra Leone,35 to 39,8201
Sierra Leone,40 to 44,8497
Sierra Leone,45 to 49,8515
Sierra Leone,50 to 54,8485
Sierra Leone,55 to 59,8531
Sierra Leone,60 to 64,8592
Sierra Leone,65 to 69,8696
Sierra Leone,70 to 74,8644
Sierra Leone,75 to 79,8520
Sierra Leone,80 plus,6378
Sierra Leone,All Ages,4582
Singapore,10 to 14,1740
Singapore,15 to 19,4508
Singapore,20 to 24,5917
Singapore,25 to 29,5793
Singapore,30 to 34,5561
Singapore,35 to 39,5446
Singapore,40 to 44,5310
Singapore,45 to 49,5246
Singapore,50 to 54,5277
Singapore,55 to 59,5361
Singapore,60 to 64,5486
Singapore,65 to 69,5540
Singapore,70 to 74,5519
Singapore,75 to 79,5436
Singapore,80 plus,4223
Singapore,All Ages,4638
Slovakia,10 to 14,1597
Slovakia,15 to 19,4177
Slovakia,20 to 24,5568
Slovakia,25 to 29,5721
Slovakia,30 to 34,5878
Slovakia,35 to 39,6143
Slovakia,40 to 44,6380
Slovakia,45 to 49,6504
Slovakia,50 to 54,6652
Slovakia,55 to 59,6840
Slovakia,60 to 64,6992
Slovakia,65 to 69,6987
Slovakia,70 to 74,6892
Slovakia,75 to 79,6698
Slovakia,80 plus,5018
Slovakia,All Ages,5437
Slovenia,10 to 14,1603
Slovenia,15 to 19,4168
Slovenia,20 to 24,5534
Slovenia,25 to 29,5747
Slovenia,30 to 34,5886
Slovenia,35 to 39,6234
Slovenia,40 to 44,6465
Slovenia,45 to 49,6572
Slovenia,50 to 54,6719
Slovenia,55 to 59,6882
Slovenia,60 to 64,7027
Slovenia,65 to 69,7004
Slovenia,70 to 74,6903
Slovenia,75 to 79,6728
Slovenia,80 plus,5002
Slovenia,All Ages,5441
Solomon Islands,10 to 14,1345
Solomon Islands,15 to 19,3406
Solomon Islands,20 to 24,4380
Solomon Islands,25 to 29,4602
Solomon Islands,30 to 34,4890
Solomon Islands,35 to 39,5400
Solomon Islands,40 to 44,5765
Solomon Islands,45 to 49,6043
Solomon Islands,50 to 54,6298
Solomon Islands,55 to 59,6607
Solomon Islands,60 to 64,6865
Solomon Islands,65 to 69,6903
Solomon Islands,70 to 74,6765
Solomon Islands,75 to 79,6582
Solomon Islands,80 plus,4963
Solomon Islands,All Ages,3242
Somalia,10 to 14,2005
Somalia,15 to 19,5134
Somalia,20 to 24,6709
Somalia,25 to 29,6885
Somalia,30 to 34,7099
Somalia,35 to 39,7567
Somalia,40 to 44,7837
Somalia,45 to 49,7936
Somalia,50 to 54,8096
Somalia,55 to 59,8294
Somalia,60 to 64,8512
Somalia,65 to 69,8524
Somalia,70 to 74,8355
Somalia,75 to 79,8136
Somalia,80 plus,6117
Somalia,All Ages,4004
South Africa,10 to 14,1592
South Africa,15 to 19,4401
South Africa,20 to 24,6196
South Africa,25 to 29,6673
South Africa,30 to 34,7053
South Africa,35 to 39,7509
South Africa,40 to 44,7759
South Africa,45 to 49,7732
South Africa,50 to 54,7766
South Africa,55 to 59,7836
South Africa,60 to 64,7946
South Africa,65 to 69,7948
South Africa,70 to 74,7810
South Africa,75 to 79,7622
South Africa,80 plus,5725
South Africa,All Ages,5207
South Korea,10 to 14,1692
South Korea,15 to 19,4262
South Korea,20 to 24,5493
South Korea,25 to 29,5336
South Korea,30 to 34,5127
South Korea,35 to 39,5067
South Korea,40 to 44,5035
South Korea,45 to 49,5084
South Korea,50 to 54,5202
South Korea,55 to 59,5389
South Korea,60 to 64,5514
South Korea,65 to 69,5523
South Korea,70 to 74,5429
South Korea,75 to 79,5324
South Korea,80 plus,4194
South Korea,All Ages,4541
South Sudan,10 to 14,1936
South Sudan,15 to 19,4986
South Sudan,20 to 24,6526
South Sudan,25 to 29,6678
South Sudan,30 to 34,6848
South Sudan,35 to 39,7207
South Sudan,40 to 44,7480
South Sudan,45 to 49,7628
South Sudan,50 to 54,7835
South Sudan,55 to 59,8098
South Sudan,60 to 64,8315
South Sudan,65 to 69,8261
South Sudan,70 to 74,8001
South Sudan,75 to 79,7764
South Sudan,80 plus,5797
South Sudan,All Ages,4228
Spain,10 to 14,2231
Spain,15 to 19,5217
Spain,20 to 24,6917
Spain,25 to 29,7133
Spain,30 to 34,7185
Spain,35 to 39,7244
Spain,40 to 44,7169
Spain,45 to 49,6974
Spain,50 to 54,6835
Spain,55 to 59,6803
Spain,60 to 64,6835
Spain,65 to 69,6881
Spain,70 to 74,6788
Spain,75 to 79,6564
Spain,80 plus,5293
Spain,All Ages,5941
Sri Lanka,10 to 14,1269
Sri Lanka,15 to 19,3269
Sri Lanka,20 to 24,4476
Sri Lanka,25 to 29,4855
Sri Lanka,30 to 34,5205
Sri Lanka,35 to 39,5666
Sri Lanka,40 to 44,6026
Sri Lanka,45 to 49,6276
Sri Lanka,50 to 54,6536
Sri Lanka,55 to 59,6806
Sri Lanka,60 to 64,7008
Sri Lanka,65 to 69,6915
Sri Lanka,70 to 74,6708
Sri Lanka,75 to 79,6418
Sri Lanka,80 plus,4879
Sri Lanka,All Ages,4406
Sudan,10 to 14,1790
Sudan,15 to 19,4198
Sudan,20 to 24,5365
Sudan,25 to 29,5850
Sudan,30 to 34,6331
Sudan,35 to 39,6918
Sudan,40 to 44,7281
Sudan,45 to 49,7219
Sudan,50 to 54,7228
Sudan,55 to 59,7211
Sudan,60 to 64,7209
Sudan,65 to 69,7045
Sudan,70 to 74,6816
Sudan,75 to 79,6527
Sudan,80 plus,5005
Sudan,All Ages,3864
Suriname,10 to 14,1793
Suriname,15 to 19,4921
Suriname,20 to 24,6736
Suriname,25 to 29,6910
Suriname,30 to 34,7022
Suriname,35 to 39,7194
Suriname,40 to 44,7291
Suriname,45 to 49,7373
Suriname,50 to 54,7461
Suriname,55 to 59,7608
Suriname,60 to 64,7702
Suriname,65 to 69,7606
Suriname,70 to 74,7362
Suriname,75 to 79,7115
Suriname,80 plus,5433
Suriname,All Ages,5279
Swaziland,10 to 14,1886
Swaziland,15 to 19,4858
Swaziland,20 to 24,6468
Swaziland,25 to 29,6728
Swaziland,30 to 34,7069
Swaziland,35 to 39,7673
Swaziland,40 to 44,7993
Swaziland,45 to 49,7960
Swaziland,50 to 54,7947
Swaziland,55 to 59,7982
Swaziland,60 to 64,8058
Swaziland,65 to 69,8073
Swaziland,70 to 74,7995
Swaziland,75 to 79,7846
Swaziland,80 plus,5845
Swaziland,All Ages,4542
Sweden,10 to 14,1753
Sweden,15 to 19,4576
Sweden,20 to 24,6377
Sweden,25 to 29,6753
Sweden,30 to 34,6898
Sweden,35 to 39,6849
Sweden,40 to 44,6737
Sweden,45 to 49,6602
Sweden,50 to 54,6512
Sweden,55 to 59,6474
Sweden,60 to 64,6528
Sweden,65 to 69,6584
Sweden,70 to 74,6514
Sweden,75 to 79,6402
Sweden,80 plus,5015
Sweden,All Ages,5427
Switzerland,10 to 14,2037
Switzerland,15 to 19,4797
Switzerland,20 to 24,6406
Switzerland,25 to 29,6661
Switzerland,30 to 34,6712
Switzerland,35 to 39,6779
Switzerland,40 to 44,6710
Switzerland,45 to 49,6534
Switzerland,50 to 54,6472
Switzerland,55 to 59,6475
Switzerland,60 to 64,6562
Switzerland,65 to 69,6615
Switzerland,70 to 74,6545
Switzerland,75 to 79,6394
Switzerland,80 plus,5057
Switzerland,All Ages,5571
Syria,10 to 14,1888
Syria,15 to 19,4403
Syria,20 to 24,5564
Syria,25 to 29,6079
Syria,30 to 34,6528
Syria,35 to 39,7150
Syria,40 to 44,7484
Syria,45 to 49,7396
Syria,50 to 54,7334
Syria,55 to 59,7332
Syria,60 to 64,7243
Syria,65 to 69,7107
Syria,70 to 74,6833
Syria,75 to 79,6583
Syria,80 plus,5080
Syria,All Ages,4221
Taiwan,10 to 14,1208
Taiwan,15 to 19,2908
Taiwan,20 to 24,3623
Taiwan,25 to 29,3741
Taiwan,30 to 34,4039
Taiwan,35 to 39,4614
Taiwan,40 to 44,5126
Taiwan,45 to 49,5467
Taiwan,50 to 54,5867
Taiwan,55 to 59,6235
Taiwan,60 to 64,6531
Taiwan,65 to 69,6586
Taiwan,70 to 74,6460
Taiwan,75 to 79,6264
Taiwan,80 plus,4770
Taiwan,All Ages,4395
Tajikistan,10 to 14,1618
Tajikistan,15 to 19,4110
Tajikistan,20 to 24,5443
Tajikistan,25 to 29,5711
Tajikistan,30 to 34,5984
Tajikistan,35 to 39,6329
Tajikistan,40 to 44,6605
Tajikistan,45 to 49,6784
Tajikistan,50 to 54,6984
Tajikistan,55 to 59,7226
Tajikistan,60 to 64,7430
Tajikistan,65 to 69,7460
Tajikistan,70 to 74,7347
Tajikistan,75 to 79,7215
Tajikistan,80 plus,5303
Tajikistan,All Ages,4068
Tanzania,10 to 14,2009
Tanzania,15 to 19,5150
Tanzania,20 to 24,6766
Tanzania,25 to 29,6830
Tanzania,30 to 34,7006
Tanzania,35 to 39,7533
Tanzania,40 to 44,7839
Tanzania,45 to 49,7923
Tanzania,50 to 54,8113
Tanzania,55 to 59,8314
Tanzania,60 to 64,8532
Tanzania,65 to 69,8481
Tanzania,70 to 74,8305
Tanzania,75 to 79,8050
Tanzania,80 plus,6037
Tanzania,All Ages,4144
Thailand,10 to 14,1273
Thailand,15 to 19,3270
Thailand,20 to 24,4468
Thailand,25 to 29,4828
Thailand,30 to 34,5201
Thailand,35 to 39,5624
Thailand,40 to 44,6007
Thailand,45 to 49,6247
Thailand,50 to 54,6541
Thailand,55 to 59,6830
Thailand,60 to 64,7033
Thailand,65 to 69,6953
Thailand,70 to 74,6712
Thailand,75 to 79,6414
Thailand,80 plus,4921
Thailand,All Ages,4842
The Bahamas,10 to 14,1829
The Bahamas,15 to 19,5013
The Bahamas,20 to 24,6816
The Bahamas,25 to 29,6903
The Bahamas,30 to 34,6945
The Bahamas,35 to 39,7144
The Bahamas,40 to 44,7251
The Bahamas,45 to 49,7327
The Bahamas,50 to 54,7439
The Bahamas,55 to 59,7579
The Bahamas,60 to 64,7670
The Bahamas,65 to 69,7563
The Bahamas,70 to 74,7320
The Bahamas,75 to 79,7022
The Bahamas,80 plus,5375
The Bahamas,All Ages,5693
The Gambia,10 to 14,2344
The Gambia,15 to 19,5940
The Gambia,20 to 24,7666
The Gambia,25 to 29,8064
The Gambia,30 to 34,8398
The Gambia,35 to 39,8998
The Gambia,40 to 44,9288
The Gambia,45 to 49,9277
The Gambia,50 to 54,9293
The Gambia,55 to 59,9352
The Gambia,60 to 64,9454
The Gambia,65 to 69,9472
The Gambia,70 to 74,9394
The Gambia,75 to 79,9255
The Gambia,80 plus,6926
The Gambia,All Ages,4715
Timor-Leste,10 to 14,1200
Timor-Leste,15 to 19,3061
Timor-Leste,20 to 24,4102
Timor-Leste,25 to 29,4450
Timor-Leste,30 to 34,4800
Timor-Leste,35 to 39,5245
Timor-Leste,40 to 44,5618
Timor-Leste,45 to 49,5826
Timor-Leste,50 to 54,6102
Timor-Leste,55 to 59,6368
Timor-Leste,60 to 64,6562
Timor-Leste,65 to 69,6535
Timor-Leste,70 to 74,6326
Timor-Leste,75 to 79,6129
Timor-Leste,80 plus,4559
Timor-Leste,All Ages,2942
Togo,10 to 14,2175
Togo,15 to 19,5425
Togo,20 to 24,6936
Togo,25 to 29,7216
Togo,30 to 34,7581
Togo,35 to 39,8126
Togo,40 to 44,8532
Togo,45 to 49,8546
Togo,50 to 54,8606
Togo,55 to 59,8685
Togo,60 to 64,8823
Togo,65 to 69,8829
Togo,70 to 74,8739
Togo,75 to 79,8549
Togo,80 plus,6358
Togo,All Ages,4629
Tonga,10 to 14,1347
Tonga,15 to 19,3431
Tonga,20 to 24,4476
Tonga,25 to 29,4646
Tonga,30 to 34,4914
Tonga,35 to 39,5353
Tonga,40 to 44,5758
Tonga,45 to 49,6024
Tonga,50 to 54,6332
Tonga,55 to 59,6650
Tonga,60 to 64,6862
Tonga,65 to 69,6875
Tonga,70 to 74,6733
Tonga,75 to 79,6477
Tonga,80 plus,4926
Tonga,All Ages,3499
Trinidad and Tobago,10 to 14,1796
Trinidad and Tobago,15 to 19,4882
Trinidad and Tobago,20 to 24,6688
Trinidad and Tobago,25 to 29,6839
Trinidad and Tobago,30 to 34,6948
Trinidad and Tobago,35 to 39,7162
Trinidad and Tobago,40 to 44,7261
Trinidad and Tobago,45 to 49,7287
Trinidad and Tobago,50 to 54,7416
Trinidad and Tobago,55 to 59,7546
Trinidad and Tobago,60 to 64,7622
Trinidad and Tobago,65 to 69,7540
Trinidad and Tobago,70 to 74,7317
Trinidad and Tobago,75 to 79,7031
Trinidad and Tobago,80 plus,5395
Trinidad and Tobago,All Ages,5675
Tunisia,10 to 14,1870
Tunisia,15 to 19,4346
Tunisia,20 to 24,5521
Tunisia,25 to 29,6033
Tunisia,30 to 34,6551
Tunisia,35 to 39,7175
Tunisia,40 to 44,7493
Tunisia,45 to 49,7412
Tunisia,50 to 54,7358
Tunisia,55 to 59,7288
Tunisia,60 to 64,7252
Tunisia,65 to 69,7093
Tunisia,70 to 74,6814
Tunisia,75 to 79,6503
Tunisia,80 plus,5062
Tunisia,All Ages,5207
Turkey,10 to 14,1851
Turkey,15 to 19,4011
Turkey,20 to 24,4968
Turkey,25 to 29,6000
Turkey,30 to 34,6898
Turkey,35 to 39,7650
Turkey,40 to 44,8054
Turkey,45 to 49,7920
Turkey,50 to 54,7818
Turkey,55 to 59,7719
Turkey,60 to 64,7594
Turkey,65 to 69,7338
Turkey,70 to 74,7007
Turkey,75 to 79,6579
Turkey,80 plus,5055
Turkey,All Ages,5223
Turkmenistan,10 to 14,1607
Turkmenistan,15 to 19,4095
Turkmenistan,20 to 24,5449
Turkmenistan,25 to 29,5696
Turkmenistan,30 to 34,5910
Turkmenistan,35 to 39,6292
Turkmenistan,40 to 44,6554
Turkmenistan,45 to 49,6705
Turkmenistan,50 to 54,6947
Turkmenistan,55 to 59,7211
Turkmenistan,60 to 64,7424
Turkmenistan,65 to 69,7446
Turkmenistan,70 to 74,7312
Turkmenistan,75 to 79,7176
Turkmenistan,80 plus,5285
Turkmenistan,All Ages,4540
Uganda,10 to 14,2482
Uganda,15 to 19,6251
Uganda,20 to 24,8051
Uganda,25 to 29,8124
Uganda,30 to 34,8323
Uganda,35 to 39,8872
Uganda,40 to 44,9239
Uganda,45 to 49,9352
Uganda,50 to 54,9580
Uganda,55 to 59,9824
Uganda,60 to 64,10005
Uganda,65 to 69,9962
Uganda,70 to 74,9748
Uganda,75 to 79,9487
Uganda,80 plus,7098
Uganda,All Ages,4630
Ukraine,10 to 14,1981
Ukraine,15 to 19,4778
Ukraine,20 to 24,6064
Ukraine,25 to 29,6558
Ukraine,30 to 34,6917
Ukraine,35 to 39,7326
Ukraine,40 to 44,7700
Ukraine,45 to 49,8186
Ukraine,50 to 54,8747
Ukraine,55 to 59,9309
Ukraine,60 to 64,9796
Ukraine,65 to 69,9888
Ukraine,70 to 74,9898
Ukraine,75 to 79,9835
Ukraine,80 plus,6779
Ukraine,All Ages,7145
United Arab Emirates,10 to 14,1909
United Arab Emirates,15 to 19,4386
United Arab Emirates,20 to 24,5475
United Arab Emirates,25 to 29,5941
United Arab Emirates,30 to 34,6452
United Arab Emirates,35 to 39,7043
United Arab Emirates,40 to 44,7385
United Arab Emirates,45 to 49,7319
United Arab Emirates,50 to 54,7296
United Arab Emirates,55 to 59,7324
United Arab Emirates,60 to 64,7290
United Arab Emirates,65 to 69,7125
United Arab Emirates,70 to 74,6867
United Arab Emirates,75 to 79,6560
United Arab Emirates,80 plus,5058
United Arab Emirates,All Ages,4914
United Kingdom,10 to 14,1602
United Kingdom,15 to 19,4151
United Kingdom,20 to 24,5733
United Kingdom,25 to 29,6093
United Kingdom,30 to 34,6222
United Kingdom,35 to 39,6184
United Kingdom,40 to 44,6072
United Kingdom,45 to 49,5947
United Kingdom,50 to 54,5899
United Kingdom,55 to 59,5897
United Kingdom,60 to 64,5971
United Kingdom,65 to 69,6028
United Kingdom,70 to 74,5972
United Kingdom,75 to 79,5867
United Kingdom,80 plus,4620
United Kingdom,All Ages,4928
United States,10 to 14,3443
United States,15 to 19,8516
United States,20 to 24,9443
United States,25 to 29,8525
United States,30 to 34,7936
United States,35 to 39,8224
United States,40 to 44,8283
United States,45 to 49,8035
United States,50 to 54,7830
United States,55 to 59,7662
United States,60 to 64,7480
United States,65 to 69,7162
United States,70 to 74,6760
United States,75 to 79,6302
United States,80 plus,4748
United States,All Ages,6601
Uruguay,10 to 14,1923
Uruguay,15 to 19,4985
Uruguay,20 to 24,6678
Uruguay,25 to 29,6646
Uruguay,30 to 34,6573
Uruguay,35 to 39,6703
Uruguay,40 to 44,6701
Uruguay,45 to 49,6570
Uruguay,50 to 54,6525
Uruguay,55 to 59,6506
Uruguay,60 to 64,6570
Uruguay,65 to 69,6517
Uruguay,70 to 74,6401
Uruguay,75 to 79,6220
Uruguay,80 plus,4772
Uruguay,All Ages,5169
Uzbekistan,10 to 14,1623
Uzbekistan,15 to 19,4169
Uzbekistan,20 to 24,5509
Uzbekistan,25 to 29,5743
Uzbekistan,30 to 34,5934
Uzbekistan,35 to 39,6265
Uzbekistan,40 to 44,6491
Uzbekistan,45 to 49,6681
Uzbekistan,50 to 54,6933
Uzbekistan,55 to 59,7194
Uzbekistan,60 to 64,7419
Uzbekistan,65 to 69,7458
Uzbekistan,70 to 74,7325
Uzbekistan,75 to 79,7186
Uzbekistan,80 plus,5325
Uzbekistan,All Ages,4530
Vanuatu,10 to 14,1335
Vanuatu,15 to 19,3385
Vanuatu,20 to 24,4370
Vanuatu,25 to 29,4630
Vanuatu,30 to 34,4939
Vanuatu,35 to 39,5366
Vanuatu,40 to 44,5761
Vanuatu,45 to 49,6037
Vanuatu,50 to 54,6284
Vanuatu,55 to 59,6583
Vanuatu,60 to 64,6817
Vanuatu,65 to 69,6806
Vanuatu,70 to 74,6695
Vanuatu,75 to 79,6466
Vanuatu,80 plus,4891
Vanuatu,All Ages,3473
Venezuela,10 to 14,1648
Venezuela,15 to 19,4480
Venezuela,20 to 24,6195
Venezuela,25 to 29,6411
Venezuela,30 to 34,6471
Venezuela,35 to 39,6409
Venezuela,40 to 44,6385
Venezuela,45 to 49,6602
Venezuela,50 to 54,6839
Venezuela,55 to 59,7097
Venezuela,60 to 64,7250
Venezuela,65 to 69,7130
Venezuela,70 to 74,6874
Venezuela,75 to 79,6546
Venezuela,80 plus,4991
Venezuela,All Ages,4732
Vietnam,10 to 14,1378
Vietnam,15 to 19,3586
Vietnam,20 to 24,4870
Vietnam,25 to 29,5293
Vietnam,30 to 34,5664
Vietnam,35 to 39,6114
Vietnam,40 to 44,6481
Vietnam,45 to 49,6699
Vietnam,50 to 54,6980
Vietnam,55 to 59,7257
Vietnam,60 to 64,7479
Vietnam,65 to 69,7378
Vietnam,70 to 74,7140
Vietnam,75 to 79,6829
Vietnam,80 plus,5189
Vietnam,All Ages,4733
"Virgin Islands, U.S.",10 to 14,1863
"Virgin Islands, U.S.",15 to 19,5055
"Virgin Islands, U.S.",20 to 24,6863
"Virgin Islands, U.S.",25 to 29,6992
"Virgin Islands, U.S.",30 to 34,7064
"Virgin Islands, U.S.",35 to 39,7290
"Virgin Islands, U.S.",40 to 44,7398
"Virgin Islands, U.S.",45 to 49,7423
"Virgin Islands, U.S.",50 to 54,7475
"Virgin Islands, U.S.",55 to 59,7583
"Virgin Islands, U.S.",60 to 64,7640
"Virgin Islands, U.S.",65 to 69,7544
"Virgin Islands, U.S.",70 to 74,7280
"Virgin Islands, U.S.",75 to 79,7017
"Virgin Islands, U.S.",80 plus,5377
"Virgin Islands, U.S.",All Ages,5833
Yemen,10 to 14,1840
Yemen,15 to 19,4283
Yemen,20 to 24,5404
Yemen,25 to 29,5910
Yemen,30 to 34,6391
Yemen,35 to 39,7012
Yemen,40 to 44,7319
Yemen,45 to 49,7334
Yemen,50 to 54,7316
Yemen,55 to 59,7310
Yemen,60 to 64,7302
Yemen,65 to 69,7144
Yemen,70 to 74,6864
Yemen,75 to 79,6565
Yemen,80 plus,5062
Yemen,All Ages,3871
Zambia,10 to 14,2017
Zambia,15 to 19,5121
Zambia,20 to 24,6700
Zambia,25 to 29,6808
Zambia,30 to 34,7016
Zambia,35 to 39,7557
Zambia,40 to 44,7916
Zambia,45 to 49,7985
Zambia,50 to 54,8166
Zambia,55 to 59,8351
Zambia,60 to 64,8520
Zambia,65 to 69,8485
Zambia,70 to 74,8341
Zambia,75 to 79,8103
Zambia,80 plus,6122
Zambia,All Ages,4045
Zimbabwe,10 to 14,1895
Zimbabwe,15 to 19,4879
Zimbabwe,20 to 24,6474
Zimbabwe,25 to 29,6711
Zimbabwe,30 to 34,7042
Zimbabwe,35 to 39,7646
Zimbabwe,40 to 44,7958
Zimbabwe,45 to 49,7918
Zimbabwe,50 to 54,7931
Zimbabwe,55 to 59,7980
Zimbabwe,60 to 64,8057
Zimbabwe,65 to 69,8075
Zimbabwe,70 to 74,7965
Zimbabwe,75 to 79,7768
Zimbabwe,80 plus,5850
Zimbabwe,All Ages,4253
